10005035 ,7 ,9 ,7 ,8.25 ,5.4 ,6.5 ,5.5 ,7 ,8
12001459 ,8 ,7.5 ,7.75 ,6.75 ,7.75 ,8.25 ,7.5 ,7.75 ,6.25
12006475 ,8.4 ,8 ,6.8 ,7 ,6 ,5.5 ,5.2 ,8 ,5.75
12006888 ,8.8 ,7.25 ,8.25 ,5.4 ,6.5 ,7.5 ,7 ,6.25 ,6.25
12003996 ,7.4 ,6.25 ,6.75 ,7.75 ,8.25 ,5.2 ,7.75 ,5.75 ,7
21003939 ,7.2 ,8.5 ,7 ,6 ,5.5 ,7 ,8 ,6.25 ,7.2
11001467 ,7.2 ,7.5 ,5.4 ,6.5 ,7.5 ,7.75 ,6.25 ,7 ,7.5
01042244 ,6.6 ,5.5 ,7.75 ,8.25 ,5.2 ,8 ,5.75 ,7.2 ,7.25
12005504 ,6.8 ,7 ,6 ,5.5 ,7 ,6.25 ,6.25 ,7.5 ,6
15009592 ,8.2 ,7 ,6.5 ,7.5 ,7.75 ,5.75 ,7 ,7.25 ,7.25
12006988 ,7.2 ,7 ,8.25 ,5.2 ,8 ,6.25 ,7.2 ,6 ,6.5
12007541 ,9 ,7 ,5.5 ,7 ,6.25 ,7 ,7.5 ,7.25 ,5.25
18005598 ,8.4 ,5.5 ,7.5 ,7.75 ,5.75 ,7.2 ,7.25 ,6.5 ,7.75
12002393 ,8.2 ,7.75 ,5.2 ,8 ,6.25 ,7.5 ,6 ,5.25 ,5
12005649 ,6.4 ,5.5 ,7 ,6.25 ,7 ,7.25 ,7.25 ,7.75 ,5.75
12006929 ,7.6 ,6.75 ,7.75 ,5.75 ,7.2 ,6 ,6.5 ,5 ,5.8
12008459 ,8.8 ,5.25 ,8 ,6.25 ,7.5 ,7.25 ,5.25 ,5.75 ,6.75
01036826 ,7.6 ,5 ,6.25 ,7 ,7.25 ,6.5 ,7.75 ,5.8 ,7.25
12003836 ,7.8 ,5.25 ,5.75 ,7.2 ,6 ,5.25 ,5 ,6.75 ,7
11002001 ,6.2 ,6 ,6.25 ,7.5 ,7.25 ,7.75 ,5.75 ,7.25 ,4.2
12000183 ,6.4 ,5 ,7 ,7.25 ,6.5 ,5 ,5.8 ,7 ,5
12001357 ,8.2 ,6 ,7.2 ,6 ,5.25 ,5.75 ,6.75 ,4.2 ,6.75
12001515 ,7.2 ,6.75 ,7.5 ,7.25 ,7.75 ,5.8 ,7.25 ,5 ,6.75
12002812 ,7.4 ,3.75 ,7.25 ,6.5 ,5 ,6.75 ,7 ,6.75 ,6.8
12005105 ,8.2 ,7.25 ,6 ,5.25 ,5.75 ,7.25 ,4.2 ,6.75 ,8
12005981 ,6 ,8.25 ,7.25 ,7.75 ,5.8 ,7 ,5 ,6.8 ,5.2
12007016 ,8 ,6 ,6.5 ,5 ,6.75 ,4.2 ,6.75 ,8 ,6.25
12007751 ,8.2 ,7 ,5.25 ,5.75 ,7.25 ,5 ,6.75 ,5.2 ,5.4
12011380 ,6.6 ,7.25 ,7.75 ,5.8 ,7 ,6.75 ,6.8 ,6.25 ,7.75
10005095 ,5.2 ,8 ,5 ,6.75 ,4.2 ,6.75 ,8 ,5.4 ,5.2
11001510 ,6.6 ,6 ,5.75 ,7.25 ,5 ,6.8 ,5.2 ,7.75 ,6
11002151 ,4 ,8.5 ,5.8 ,7 ,6.75 ,8 ,6.25 ,5.2 ,5.2
12001288 ,7.4 ,7 ,6.75 ,4.2 ,6.75 ,5.2 ,5.4 ,6 ,5.5
12005545 ,6 ,5 ,7.25 ,5 ,6.8 ,6.25 ,7.75 ,5.2 ,6.25
12001292 ,7.6 ,6.5 ,7 ,6.75 ,8 ,5.4 ,5.2 ,5.5 ,6
12001375 ,8.8 ,8 ,4.2 ,6.75 ,5.2 ,7.75 ,6 ,6.25 ,5.25
12003598 ,6.2 ,6.75 ,5 ,6.8 ,6.25 ,5.2 ,5.2 ,6 ,5
12005806 ,9.2 ,4 ,6.75 ,8 ,5.4 ,6 ,5.5 ,5.25 ,5.2
12007100 ,8 ,6.25 ,6.75 ,5.2 ,7.75 ,5.2 ,6.25 ,5 ,4.4
12007300 ,7 ,7.25 ,6.8 ,6.25 ,5.2 ,5.5 ,6 ,5.2 ,4.2
12008753 ,6.8 ,6.25 ,8 ,5.4 ,6 ,6.25 ,5.25 ,4.4 ,7.5
12010251 ,6.8 ,8.5 ,5.2 ,7.75 ,5.2 ,6 ,5 ,4.2 ,4.6
25011157 ,7.6 ,6.75 ,6.25 ,5.2 ,5.5 ,5.25 ,5.2 ,7.5 ,6.5
26015676 ,8 ,7 ,5.4 ,6 ,6.25 ,5 ,4.4 ,4.6 ,4.4
09005657 ,6.6 ,5.5 ,7.75 ,5.2 ,6 ,5.2 ,4.2 ,6.5 ,6.25
12004256 ,6.8 ,7.75 ,5.2 ,5.5 ,5.25 ,4.4 ,7.5 ,4.4 ,5.25
12005148 ,7.8 ,7 ,6 ,6.25 ,5 ,4.2 ,4.6 ,6.25 ,3.6
12005408 ,6.6 ,6 ,5.2 ,6 ,5.2 ,7.5 ,6.5 ,5.25 ,4.5
12005424 ,6.2 ,6 ,5.5 ,5.25 ,4.4 ,4.6 ,4.4 ,3.6 ,6
12008563 ,6.6 ,6 ,6.25 ,5 ,4.2 ,6.5 ,6.25 ,4.5 ,4.6
12009164 ,7.2 ,5.5 ,6 ,5.2 ,7.5 ,4.4 ,5.25 ,6 ,4.4
12010935 ,6.4 ,6 ,5.25 ,4.4 ,4.6 ,6.25 ,3.6 ,4.6 ,7.4
15011992 ,6.8 ,6 ,5 ,4.2 ,6.5 ,5.25 ,4.5 ,4.4 ,7
26006913 ,7.6 ,7.5 ,5.2 ,7.5 ,4.4 ,3.6 ,6 ,7.4 ,6.25
10001436 ,4 ,9 ,4.4 ,4.6 ,6.25 ,4.5 ,4.6 ,7 ,6
12000424 ,7.2 ,6 ,4.2 ,6.5 ,5.25 ,6 ,4.4 ,6.25 ,6.2
12001213 ,7.6 ,5.5 ,7.5 ,4.4 ,3.6 ,4.6 ,7.4 ,6 ,6.2
12004570 ,7.2 ,7.75 ,4.6 ,6.25 ,4.5 ,4.4 ,7 ,6.2 ,5.8
12008513 ,7.4 ,6.5 ,6.5 ,5.25 ,6 ,7.4 ,6.25 ,6.2 ,5
12009355 ,5.4 ,7.75 ,4.4 ,3.6 ,4.6 ,7 ,6 ,5.8 ,6.5
15007220 ,7 ,6.75 ,6.25 ,4.5 ,4.4 ,6.25 ,6.2 ,5 ,5.4
25017041 ,8.4 ,6.25 ,5.25 ,6 ,7.4 ,6 ,6.2 ,6.5 ,5.75
10001545 ,5 ,8.75 ,3.6 ,4.6 ,7 ,6.2 ,5.8 ,5.4 ,6
12000062 ,6.8 ,6 ,4.5 ,4.4 ,6.25 ,6.2 ,5 ,5.75 ,4.6
12003810 ,7.4 ,5.75 ,6 ,7.4 ,6 ,5.8 ,6.5 ,6 ,3.2
12003825 ,6 ,6.75 ,4.6 ,7 ,6.2 ,5 ,5.4 ,4.6 ,5.5
12005144 ,7.4 ,8.5 ,4.4 ,6.25 ,6.2 ,6.5 ,5.75 ,3.2 ,4.6
12007080 ,6.6 ,6.25 ,7.4 ,6 ,5.8 ,5.4 ,6 ,5.5 ,6.75
12007117 ,7.4 ,5.75 ,7 ,6.2 ,5 ,5.75 ,4.6 ,4.6 ,6.5
12009514 ,6.2 ,6.75 ,6.25 ,6.2 ,6.5 ,6 ,3.2 ,6.75 ,6.75
12010238 ,7.2 ,6.5 ,6 ,5.8 ,5.4 ,4.6 ,5.5 ,6.5 ,5.6
12010423 ,6.4 ,7.25 ,6.2 ,5 ,5.75 ,3.2 ,4.6 ,6.75 ,6.75
12010788 ,5.8 ,7.25 ,6.2 ,6.5 ,6 ,5.5 ,6.75 ,5.6 ,3.4
12011478 ,7 ,7.5 ,5.8 ,5.4 ,4.6 ,4.6 ,6.5 ,6.75 ,7.25
18005659 ,7.4 ,6.75 ,5 ,5.75 ,3.2 ,6.75 ,6.75 ,3.4 ,6.75
21002429 ,7 ,6.25 ,6.5 ,6 ,5.5 ,6.5 ,5.6 ,7.25 ,5
22009694 ,6.6 ,7.75 ,5.4 ,4.6 ,4.6 ,6.75 ,6.75 ,6.75 ,6.25
28021747 ,7 ,7 ,5.75 ,3.2 ,6.75 ,5.6 ,3.4 ,5 ,6
09005586 ,5.2 ,5.75 ,6 ,5.5 ,6.5 ,6.75 ,7.25 ,6.25 ,4.6
11000663 ,5.2 ,7.25 ,4.6 ,4.6 ,6.75 ,3.4 ,6.75 ,6 ,6
12000014 ,6.6 ,7.25 ,3.2 ,6.75 ,5.6 ,7.25 ,5 ,4.6 ,6.6
12005419 ,7 ,6.5 ,5.5 ,6.5 ,6.75 ,6.75 ,6.25 ,6 ,5
12005420 ,6.4 ,6 ,4.6 ,6.75 ,3.4 ,5 ,6 ,6.6 ,5.6
12005553 ,6 ,6.25 ,6.75 ,5.6 ,7.25 ,6.25 ,4.6 ,5 ,6.2
12007335 ,8 ,4.5 ,6.5 ,6.75 ,6.75 ,6 ,6 ,5.6 ,5.25
12007549 ,5.2 ,7 ,6.75 ,3.4 ,5 ,4.6 ,6.6 ,6.2 ,5.5
12007617 ,5.8 ,7.5 ,5.6 ,7.25 ,6.25 ,6 ,5 ,5.25 ,5.25
12007769 ,6.2 ,6 ,6.75 ,6.75 ,6 ,6.6 ,5.6 ,5.5 ,4.8
12012387 ,6 ,7.5 ,3.4 ,5 ,4.6 ,5 ,6.2 ,5.25 ,6.5
19006207 ,7.4 ,4.75 ,7.25 ,6.25 ,6 ,5.6 ,5.25 ,4.8 ,4.4
28011191 ,8 ,4.25 ,6.75 ,6 ,6.6 ,6.2 ,5.5 ,6.5 ,7.25
12001549 ,8 ,6.75 ,5 ,4.6 ,5 ,5.25 ,5.25 ,4.4 ,6
12001572 ,8 ,5.5 ,6.25 ,6 ,5.6 ,5.5 ,4.8 ,7.25 ,4.75
12004368 ,6.4 ,6.25 ,6 ,6.6 ,6.2 ,5.25 ,6.5 ,6 ,5
12004374 ,5.4 ,6.75 ,4.6 ,5 ,5.25 ,4.8 ,4.4 ,4.75 ,5.2
12005990 ,6.4 ,6.25 ,6 ,5.6 ,5.5 ,6.5 ,7.25 ,5 ,4.75
12007085 ,5.2 ,8 ,6.6 ,6.2 ,5.25 ,4.4 ,6 ,5.2 ,3.6
12007370 ,6.6 ,7.25 ,5 ,5.25 ,4.8 ,7.25 ,4.75 ,4.75 ,4.75
12008414 ,6.8 ,7.25 ,5.6 ,5.5 ,6.5 ,6 ,5 ,3.6 ,2.8
17012753 ,7.4 ,6.25 ,6.2 ,5.25 ,4.4 ,4.75 ,5.2 ,4.75 ,5
08000443 ,7.8 ,5.5 ,5.25 ,4.8 ,7.25 ,5 ,4.75 ,2.8 ,5.5
08004596 ,6.4 ,6.5 ,5.5 ,6.5 ,6 ,5.2 ,3.6 ,5 ,6.2
10004733 ,5 ,6.25 ,5.25 ,4.4 ,4.75 ,4.75 ,4.75 ,5.5 ,3.6
12000469 ,4.8 ,7 ,4.8 ,7.25 ,5 ,3.6 ,2.8 ,6.2 ,4.4
12001214 ,7.6 ,5.5 ,6.5 ,6 ,5.2 ,4.75 ,5 ,3.6 ,4
12002321 ,7 ,7 ,4.4 ,4.75 ,4.75 ,2.8 ,5.5 ,4.4 ,5.2
12002628 ,4.8 ,4.5 ,7.25 ,5 ,3.6 ,5 ,6.2 ,4 ,6.25
12006408 ,6.4 ,7 ,6 ,5.2 ,4.75 ,5.5 ,3.6 ,5.2 ,4.6
12007530 ,7.4 ,6.25 ,4.75 ,4.75 ,2.8 ,6.2 ,4.4 ,6.25 ,5
12008932 ,6.8 ,6.75 ,5 ,3.6 ,5 ,3.6 ,4 ,4.6 ,6.5
12011198 ,4.2 ,9 ,5.2 ,4.75 ,5.5 ,4.4 ,5.2 ,5 ,5.6
01041842 ,6.4 ,5 ,4.75 ,2.8 ,6.2 ,4 ,6.25 ,6.5 ,5.4
01042247 ,6 ,6.75 ,3.6 ,5 ,3.6 ,5.2 ,4.6 ,5.6 ,6
10000104 ,5.6 ,6 ,4.75 ,5.5 ,4.4 ,6.25 ,5 ,5.4 ,3.4
11002752 ,5 ,8.5 ,2.8 ,6.2 ,4 ,4.6 ,6.5 ,6 ,4
12000188 ,5.4 ,5.75 ,5 ,3.6 ,5.2 ,5 ,5.6 ,3.4 ,5
12001295 ,8.2 ,5.5 ,5.5 ,4.4 ,6.25 ,6.5 ,5.4 ,4 ,6
12002409 ,6.6 ,5.5 ,6.2 ,4 ,4.6 ,5.6 ,6 ,5 ,6
12002516 ,5 ,7.75 ,3.6 ,5.2 ,5 ,5.4 ,3.4 ,6 ,5.75
12002876 ,5.8 ,8 ,4.4 ,6.25 ,6.5 ,6 ,4 ,6 ,6
12004441 ,4.2 ,8 ,4 ,4.6 ,5.6 ,3.4 ,5 ,5.75 ,5.6
12005113 ,6.2 ,7.75 ,5.2 ,5 ,5.4 ,4 ,6 ,6 ,5.6
12005613 ,7.4 ,4.5 ,6.25 ,6.5 ,6 ,5 ,6 ,5.6 ,6.5
12006109 ,6.8 ,7.75 ,4.6 ,5.6 ,3.4 ,6 ,5.75 ,5.6 ,6.25
12007967 ,6.8 ,6.5 ,5 ,5.4 ,4 ,6 ,6 ,6.5 ,4.2
12010923 ,6.4 ,5.25 ,6.5 ,6 ,5 ,5.75 ,5.6 ,6.25 ,5.4
12011520 ,4.6 ,9 ,5.6 ,3.4 ,6 ,6 ,5.6 ,4.2 ,7.75
18004966 ,5.8 ,7 ,5.4 ,4 ,6 ,5.6 ,6.5 ,5.4 ,5
06002877 ,5.2 ,4.75 ,6 ,5 ,5.75 ,5.6 ,6.25 ,7.75 ,4.75
10001398 ,4.2 ,8.5 ,3.4 ,6 ,6 ,6.5 ,4.2 ,5 ,3.2
10003978 ,5 ,7 ,4 ,6 ,5.6 ,6.25 ,5.4 ,4.75 ,2.8
10005478 ,5.6 ,5.5 ,5 ,5.75 ,5.6 ,4.2 ,7.75 ,3.2 ,3.4
12000751 ,6.6 ,5.5 ,6 ,6 ,6.5 ,5.4 ,5 ,2.8 ,6
12001160 ,4.8 ,5.25 ,6 ,5.6 ,6.25 ,7.75 ,4.75 ,3.4 ,4.6
12001233 ,7.6 ,5.75 ,5.75 ,5.6 ,4.2 ,5 ,3.2 ,6 ,6.25
12005692 ,6.8 ,5.25 ,6 ,6.5 ,5.4 ,4.75 ,2.8 ,4.6 ,4.5
12006263 ,5.8 ,7.5 ,5.6 ,6.25 ,7.75 ,3.2 ,3.4 ,6.25 ,6
12007088 ,7.2 ,6.25 ,5.6 ,4.2 ,5 ,2.8 ,6 ,4.5 ,5.2
12008202 ,6.8 ,5.75 ,6.5 ,5.4 ,4.75 ,3.4 ,4.6 ,6 ,6.8
12008309 ,7.2 ,5.5 ,6.25 ,7.75 ,3.2 ,6 ,6.25 ,5.2 ,5
12010743 ,5.6 ,6.25 ,4.2 ,5 ,2.8 ,4.6 ,4.5 ,6.8 ,4.4
13001802 ,6 ,6.5 ,5.4 ,4.75 ,3.4 ,6.25 ,6 ,5 ,6
26001643 ,5.8 ,5.5 ,7.75 ,3.2 ,6 ,4.5 ,5.2 ,4.4 ,3.4
51003476 ,7.2 ,6.25 ,5 ,2.8 ,4.6 ,6 ,6.8 ,6 ,5.75
10005285 ,5.4 ,5.5 ,4.75 ,3.4 ,6.25 ,5.2 ,5 ,3.4 ,4.2
10005315 ,4.6 ,8 ,3.2 ,6 ,4.5 ,6.8 ,4.4 ,5.75 ,4.8
11000619 ,5 ,8 ,2.8 ,4.6 ,6 ,5 ,6 ,4.2 ,5.75
11001531 ,5 ,7.25 ,3.4 ,6.25 ,5.2 ,4.4 ,3.4 ,4.8 ,6
11002783 ,4.4 ,5.25 ,6 ,4.5 ,6.8 ,6 ,5.75 ,5.75 ,5
12005090 ,7 ,7.25 ,4.6 ,6 ,5 ,3.4 ,4.2 ,6 ,4.6
12007081 ,7.6 ,5 ,6.25 ,5.2 ,4.4 ,5.75 ,4.8 ,5 ,5.25
12007301 ,7.2 ,7 ,4.5 ,6.8 ,6 ,4.2 ,5.75 ,4.6 ,4.6
12008141 ,6.6 ,5.25 ,6 ,5 ,3.4 ,4.8 ,6 ,5.25 ,5.75
12009664 ,6.6 ,7 ,5.2 ,4.4 ,5.75 ,5.75 ,5 ,4.6 ,6.25
12011481 ,4.2 ,6.75 ,6.8 ,6 ,4.2 ,6 ,4.6 ,5.75 ,4.8
18013173 ,7.6 ,5.75 ,5 ,3.4 ,4.8 ,5 ,5.25 ,6.25 ,3
19006967 ,6.8 ,7 ,4.4 ,5.75 ,5.75 ,4.6 ,4.6 ,4.8 ,6
25008614 ,7.6 ,4.75 ,6 ,4.2 ,6 ,5.25 ,5.75 ,3 ,5.2
06002804 ,5.2 ,7 ,3.4 ,4.8 ,5 ,4.6 ,6.25 ,6 ,4.2
06003784 ,4.4 ,5.25 ,5.75 ,5.75 ,4.6 ,5.75 ,4.8 ,5.2 ,5.25
11001366 ,4.4 ,7 ,4.2 ,6 ,5.25 ,6.25 ,3 ,4.2 ,4.6
11002631 ,4.8 ,6 ,4.8 ,5 ,4.6 ,4.8 ,6 ,5.25 ,4.25
12001512 ,6.8 ,5 ,5.75 ,4.6 ,5.75 ,3 ,5.2 ,4.6 ,6.5
12001653 ,6.8 ,5.75 ,6 ,5.25 ,6.25 ,6 ,4.2 ,4.25 ,4.2
12003811 ,5.6 ,5 ,5 ,4.6 ,4.8 ,5.2 ,5.25 ,6.5 ,3.4
12003868 ,5.4 ,7.5 ,4.6 ,5.75 ,3 ,4.2 ,4.6 ,4.2 ,6
12003934 ,5.2 ,5 ,5.25 ,6.25 ,6 ,5.25 ,4.25 ,3.4 ,4.2
12006007 ,7 ,7 ,4.6 ,4.8 ,5.2 ,4.6 ,6.5 ,6 ,5.75
12006958 ,8 ,4.75 ,5.75 ,3 ,4.2 ,4.25 ,4.2 ,4.2 ,4.25
12007165 ,6.4 ,5.75 ,6.25 ,6 ,5.25 ,6.5 ,3.4 ,5.75 ,4
12007387 ,5.8 ,8 ,4.8 ,5.2 ,4.6 ,4.2 ,6 ,4.25 ,4.4
12008562 ,6.4 ,7 ,3 ,4.2 ,4.25 ,3.4 ,4.2 ,4 ,2.2
12011339 ,6.8 ,4.75 ,6 ,5.25 ,6.5 ,6 ,5.75 ,4.4 ,4.2
12011596 ,6.6 ,6.75 ,5.2 ,4.6 ,4.2 ,4.2 ,4.25 ,2.2 ,4.75
24006004 ,6 ,7.75 ,4.2 ,4.25 ,3.4 ,5.75 ,4 ,4.2 ,5.75
25006770 ,6.6 ,6.25 ,5.25 ,6.5 ,6 ,4.25 ,4.4 ,4.75 ,4
25007507 ,6.8 ,6.5 ,4.6 ,4.2 ,4.2 ,4 ,2.2 ,5.75 ,6.25
01054981 ,8 ,6 ,4.25 ,3.4 ,5.75 ,4.4 ,4.2 ,4 ,4
03017622 ,6 ,5.75 ,6.5 ,6 ,4.25 ,2.2 ,4.75 ,6.25 ,6.5
06004527 ,6.6 ,6.5 ,4.2 ,4.2 ,4 ,4.2 ,5.75 ,4 ,5
11001400 ,4.8 ,7 ,3.4 ,5.75 ,4.4 ,4.75 ,4 ,6.5 ,4.25
12003981 ,5.6 ,5.75 ,6 ,4.25 ,2.2 ,5.75 ,6.25 ,5 ,6.6
12004458 ,5.8 ,5.25 ,4.2 ,4 ,4.2 ,4 ,4 ,4.25 ,4.75
12004589 ,6.2 ,5.25 ,5.75 ,4.4 ,4.75 ,6.25 ,6.5 ,6.6 ,6.2
12005112 ,7.6 ,6.5 ,4.25 ,2.2 ,5.75 ,4 ,5 ,4.75 ,6
12005534 ,6.4 ,6.75 ,4 ,4.2 ,4 ,6.5 ,4.25 ,6.2 ,4.6
12006394 ,5.4 ,8.5 ,4.4 ,4.75 ,6.25 ,5 ,6.6 ,6 ,3.6
12006877 ,7.2 ,7.75 ,2.2 ,5.75 ,4 ,4.25 ,4.75 ,4.6 ,4
12007655 ,5 ,7.5 ,4.2 ,4 ,6.5 ,6.6 ,6.2 ,3.6 ,5.5
12008147 ,5.4 ,5 ,4.75 ,6.25 ,5 ,4.75 ,6 ,4 ,5.5
12009402 ,6.6 ,5 ,5.75 ,4 ,4.25 ,6.2 ,4.6 ,5.5 ,3.4
12010404 ,4.8 ,8.5 ,4 ,6.5 ,6.6 ,6 ,3.6 ,5.5 ,4.75
12011501 ,6 ,6 ,6.25 ,5 ,4.75 ,4.6 ,4 ,3.4 ,3
15001592 ,8 ,6.25 ,4 ,4.25 ,6.2 ,3.6 ,5.5 ,4.75 ,5
26006469 ,5.6 ,5.75 ,6.5 ,6.6 ,6 ,4 ,5.5 ,3 ,3.4
06001092 ,5.2 ,4.75 ,5 ,4.75 ,4.6 ,5.5 ,3.4 ,5 ,3.4
07002268 ,4 ,6.75 ,4.25 ,6.2 ,3.6 ,5.5 ,4.75 ,3.4 ,3
12001728 ,4.6 ,6.75 ,6.6 ,6 ,4 ,3.4 ,3 ,3.4 ,4
12004451 ,7.4 ,4.75 ,4.75 ,4.6 ,5.5 ,4.75 ,5 ,3 ,4.8
12006544 ,5.6 ,6.25 ,6.2 ,3.6 ,5.5 ,3 ,3.4 ,4 ,5.4
12007195 ,6.6 ,5.5 ,6 ,4 ,3.4 ,5 ,3.4 ,4.8 ,4.8
12007423 ,7.4 ,6 ,4.6 ,5.5 ,4.75 ,3.4 ,3 ,5.4 ,3.6
12009289 ,4.4 ,7 ,3.6 ,5.5 ,3 ,3.4 ,4 ,4.8 ,3.8
18010448 ,7.8 ,5.75 ,4 ,3.4 ,5 ,3 ,4.8 ,3.6 ,6.25
24007658 ,6.6 ,5.5 ,5.5 ,4.75 ,3.4 ,4 ,5.4 ,3.8 ,2.4
27004852 ,7 ,5 ,5.5 ,3 ,3.4 ,4.8 ,4.8 ,6.25 ,4.2
01041392 ,5.2 ,6.25 ,3.4 ,5 ,3 ,5.4 ,3.6 ,2.4 ,5.5
09002487 ,4.6 ,5.5 ,4.75 ,3.4 ,4 ,4.8 ,3.8 ,4.2 ,4.5
10000818 ,5 ,6.75 ,3 ,3.4 ,4.8 ,3.6 ,6.25 ,5.5 ,3.6
11000773 ,6.6 ,5.25 ,5 ,3 ,5.4 ,3.8 ,2.4 ,4.5 ,5.6
11000988 ,3.6 ,7.75 ,3.4 ,4 ,4.8 ,6.25 ,4.2 ,3.6 ,3.6
12000344 ,6 ,5.25 ,3.4 ,4.8 ,3.6 ,2.4 ,5.5 ,5.6 ,5
12000964 ,6.2 ,7.5 ,3 ,5.4 ,3.8 ,4.2 ,4.5 ,3.6 ,2.4
12004172 ,3 ,7.75 ,4 ,4.8 ,6.25 ,5.5 ,3.6 ,5 ,4.8
12006012 ,6.2 ,6.75 ,4.8 ,3.6 ,2.4 ,4.5 ,5.6 ,2.4 ,3.6
12006854 ,5.2 ,7.25 ,5.4 ,3.8 ,4.2 ,3.6 ,3.6 ,4.8 ,3.6
12010865 ,5.2 ,6.75 ,4.8 ,6.25 ,5.5 ,5.6 ,5 ,3.6 ,4.4
13000977 ,5.8 ,7.25 ,3.6 ,2.4 ,4.5 ,3.6 ,2.4 ,3.6 ,4.5
13002514 ,5 ,6 ,3.8 ,4.2 ,3.6 ,5 ,4.8 ,4.4 ,3.8
01032475 ,5.8 ,5.5 ,6.25 ,5.5 ,5.6 ,2.4 ,3.6 ,4.5 ,3.6
06000979 ,5.6 ,6.5 ,2.4 ,4.5 ,3.6 ,4.8 ,3.6 ,3.8 ,5.8
06002906 ,3.8 ,6.5 ,4.2 ,3.6 ,5 ,3.6 ,4.4 ,3.6 ,4
09000923 ,6.2 ,4.75 ,5.5 ,5.6 ,2.4 ,3.6 ,4.5 ,5.8 ,5.8
10003555 ,5.4 ,4.5 ,4.5 ,3.6 ,4.8 ,4.4 ,3.8 ,4 ,3.4
10008638 ,4.6 ,6.25 ,3.6 ,5 ,3.6 ,4.5 ,3.6 ,5.8 ,5.5
12000833 ,5.6 ,5.25 ,5.6 ,2.4 ,3.6 ,3.8 ,5.8 ,3.4 ,5
12001065 ,5.8 ,5 ,3.6 ,4.8 ,4.4 ,3.6 ,4 ,5.5 ,3.6
12001221 ,5.4 ,7 ,5 ,3.6 ,4.5 ,5.8 ,5.8 ,5 ,4.5
12001314 ,7.6 ,7.5 ,2.4 ,3.6 ,3.8 ,4 ,3.4 ,3.6 ,5.75
12001385 ,7.2 ,5.5 ,4.8 ,4.4 ,3.6 ,5.8 ,5.5 ,4.5 ,4.5
12003947 ,4 ,7 ,3.6 ,4.5 ,5.8 ,3.4 ,5 ,5.75 ,3.25
12004745 ,6.8 ,7 ,3.6 ,3.8 ,4 ,5.5 ,3.6 ,4.5 ,3.75
12005402 ,5.2 ,6 ,4.4 ,3.6 ,5.8 ,5 ,4.5 ,3.25 ,3.4
12005663 ,7 ,5 ,4.5 ,5.8 ,3.4 ,3.6 ,5.75 ,3.75 ,6.25
12006064 ,5.8 ,8 ,3.8 ,4 ,5.5 ,4.5 ,4.5 ,3.4 ,4
12006425 ,6.6 ,7.25 ,3.6 ,5.8 ,5 ,5.75 ,3.25 ,6.25 ,4
12006525 ,6.2 ,5.5 ,5.8 ,3.4 ,3.6 ,4.5 ,3.75 ,4 ,5
12007177 ,7 ,6.5 ,4 ,5.5 ,4.5 ,3.25 ,3.4 ,4 ,4.4
12007334 ,5 ,6.75 ,5.8 ,5 ,5.75 ,3.75 ,6.25 ,5 ,5.2
12009743 ,6.6 ,7.5 ,3.4 ,3.6 ,4.5 ,3.4 ,4 ,4.4 ,4.5
12011337 ,6.4 ,5.5 ,5.5 ,4.5 ,3.25 ,6.25 ,4 ,5.2 ,5.25
12011470 ,4.8 ,7.75 ,5 ,5.75 ,3.75 ,4 ,5 ,4.5 ,5.2
12012602 ,4.4 ,6.5 ,3.6 ,4.5 ,3.4 ,4 ,4.4 ,5.25 ,6
17007904 ,6.8 ,6.25 ,4.5 ,3.25 ,6.25 ,5 ,5.2 ,5.2 ,4
23002198 ,5.4 ,3.25 ,5.75 ,3.75 ,4 ,4.4 ,4.5 ,6 ,3.2
23003238 ,5.4 ,4.5 ,4.5 ,3.4 ,4 ,5.2 ,5.25 ,4 ,4.2
23006519 ,5.8 ,5.5 ,3.25 ,6.25 ,5 ,4.5 ,5.2 ,3.2 ,2.8
11000754 ,5.4 ,5 ,3.75 ,4 ,4.4 ,5.25 ,6 ,4.2 ,4
11002228 ,4 ,6.75 ,3.4 ,4 ,5.2 ,5.2 ,4 ,2.8 ,4.6
12001453 ,6.4 ,4.5 ,6.25 ,5 ,4.5 ,6 ,3.2 ,4 ,3.25
12004178 ,7 ,5.25 ,4 ,4.4 ,5.25 ,4 ,4.2 ,4.6 ,5.25
12004504 ,6.2 ,5 ,4 ,5.2 ,5.2 ,3.2 ,2.8 ,3.25 ,4.75
12005604 ,5.2 ,4 ,5 ,4.5 ,6 ,4.2 ,4 ,5.25 ,5.5
12005972 ,6 ,6.75 ,4.4 ,5.25 ,4 ,2.8 ,4.6 ,4.75 ,2.8
12006895 ,6.4 ,4.75 ,5.2 ,5.2 ,3.2 ,4 ,3.25 ,5.5 ,3.6
12006938 ,7.2 ,5.5 ,4.5 ,6 ,4.2 ,4.6 ,5.25 ,2.8 ,3.4
12008366 ,6 ,4 ,5.25 ,4 ,2.8 ,3.25 ,4.75 ,3.6 ,4.2
12010801 ,5 ,6 ,5.2 ,3.2 ,4 ,5.25 ,5.5 ,3.4 ,5
12010903 ,6 ,4.25 ,6 ,4.2 ,4.6 ,4.75 ,2.8 ,4.2 ,5.25
12010908 ,4.2 ,6 ,4 ,2.8 ,3.25 ,5.5 ,3.6 ,5 ,3.4
12011063 ,5.6 ,5.5 ,3.2 ,4 ,5.25 ,2.8 ,3.4 ,5.25 ,4.2
12011261 ,4.8 ,7.25 ,4.2 ,4.6 ,4.75 ,3.6 ,4.2 ,3.4 ,3.4
12012299 ,5.6 ,5.75 ,2.8 ,3.25 ,5.5 ,3.4 ,5 ,4.2 ,3.8
12012690 ,5 ,5.25 ,4 ,5.25 ,2.8 ,4.2 ,5.25 ,3.4 ,4.25
01066120 ,4.6 ,6.25 ,4.6 ,4.75 ,3.6 ,5 ,3.4 ,3.8 ,4.75
05005268 ,6 ,4.75 ,3.25 ,5.5 ,3.4 ,5.25 ,4.2 ,4.25 ,5
06004616 ,5 ,3.75 ,5.25 ,2.8 ,4.2 ,3.4 ,3.4 ,4.75 ,4.4
11002593 ,5.2 ,4 ,4.75 ,3.6 ,5 ,4.2 ,3.8 ,5 ,3.8
12001419 ,6.4 ,5 ,5.5 ,3.4 ,5.25 ,3.4 ,4.25 ,4.4 ,4.2
12002515 ,3.8 ,7.5 ,2.8 ,4.2 ,3.4 ,3.8 ,4.75 ,3.8 ,4
12002650 ,5.6 ,6.75 ,3.6 ,5 ,4.2 ,4.25 ,5 ,4.2 ,3
12003666 ,4.2 ,6.5 ,3.4 ,5.25 ,3.4 ,4.75 ,4.4 ,4 ,4.75
12004245 ,4.4 ,7.5 ,4.2 ,3.4 ,3.8 ,5 ,3.8 ,3 ,4.25
12006168 ,4.2 ,7.75 ,5 ,4.2 ,4.25 ,4.4 ,4.2 ,4.75 ,3.2
12010449 ,5.6 ,5.75 ,5.25 ,3.4 ,4.75 ,3.8 ,4 ,4.25 ,6
12010919 ,4 ,6.5 ,3.4 ,3.8 ,5 ,4.2 ,3 ,3.2 ,5.75
12011480 ,6.6 ,6.25 ,4.2 ,4.25 ,4.4 ,4 ,4.75 ,6 ,4
12011688 ,5.2 ,7.5 ,3.4 ,4.75 ,3.8 ,3 ,4.25 ,5.75 ,5.25
16005385 ,5.8 ,7 ,3.8 ,5 ,4.2 ,4.75 ,3.2 ,4 ,3.6
17001572 ,6.2 ,6 ,4.25 ,4.4 ,4 ,4.25 ,6 ,5.25 ,3.6
17006799 ,7 ,5.25 ,4.75 ,3.8 ,3 ,3.2 ,5.75 ,3.6 ,4
01027424 ,5.4 ,6.25 ,5 ,4.2 ,4.75 ,6 ,4 ,3.6 ,4.75
01049792 ,6.8 ,5.5 ,4.4 ,4 ,4.25 ,5.75 ,5.25 ,4 ,4.5
05000704 ,3.4 ,6.5 ,3.8 ,3 ,3.2 ,4 ,3.6 ,4.75 ,6
06001895 ,5 ,4.5 ,4.2 ,4.75 ,6 ,5.25 ,3.6 ,4.5 ,6.5
06004380 ,4.8 ,5 ,4 ,4.25 ,5.75 ,3.6 ,4 ,6 ,4.2
06004520 ,4.2 ,8.5 ,3 ,3.2 ,4 ,3.6 ,4.75 ,6.5 ,2.4
08005719 ,5.6 ,3.5 ,4.75 ,6 ,5.25 ,4 ,4.5 ,4.2 ,5.25
11001131 ,5.4 ,4 ,4.25 ,5.75 ,3.6 ,4.75 ,6 ,2.4 ,3.6
12000610 ,6 ,6.5 ,3.2 ,4 ,3.6 ,4.5 ,6.5 ,5.25 ,5
12001272 ,6.8 ,4 ,6 ,5.25 ,4 ,6 ,4.2 ,3.6 ,3
12001500 ,5.8 ,5.25 ,5.75 ,3.6 ,4.75 ,6.5 ,2.4 ,5 ,3.2
12002762 ,3.8 ,6 ,4 ,3.6 ,4.5 ,4.2 ,5.25 ,3 ,4.6
12003876 ,5 ,5.5 ,5.25 ,4 ,6 ,2.4 ,3.6 ,3.2 ,4.75
12004415 ,4.8 ,7.25 ,3.6 ,4.75 ,6.5 ,5.25 ,5 ,4.6 ,3.8
12004423 ,4.8 ,7.25 ,3.6 ,4.5 ,4.2 ,3.6 ,3 ,4.75 ,5
12004497 ,6.4 ,5.25 ,4 ,6 ,2.4 ,5 ,3.2 ,3.8 ,4.2
12005595 ,4.4 ,4.5 ,4.75 ,6.5 ,5.25 ,3 ,4.6 ,5 ,3.8
12005953 ,6.6 ,4.75 ,4.5 ,4.2 ,3.6 ,3.2 ,4.75 ,4.2 ,3.75
12007196 ,6.2 ,4.5 ,6 ,2.4 ,5 ,4.6 ,3.8 ,3.8 ,3.8
12007394 ,5.8 ,4.5 ,6.5 ,5.25 ,3 ,4.75 ,5 ,3.75 ,3.25
12008129 ,5 ,6.5 ,4.2 ,3.6 ,3.2 ,3.8 ,4.2 ,3.8 ,5
12009477 ,4.6 ,6.75 ,2.4 ,5 ,4.6 ,5 ,3.8 ,3.25 ,4.25
12009869 ,5.6 ,6 ,5.25 ,3 ,4.75 ,4.2 ,3.75 ,5 ,4.5
12010531 ,4.6 ,5.5 ,3.6 ,3.2 ,3.8 ,3.8 ,3.8 ,4.25 ,5.5
12011949 ,6 ,5.75 ,5 ,4.6 ,5 ,3.75 ,3.25 ,4.5 ,4.25
12012399 ,4.6 ,6.25 ,3 ,4.75 ,4.2 ,3.8 ,5 ,5.5 ,6
12012676 ,5 ,5.5 ,3.2 ,3.8 ,3.8 ,3.25 ,4.25 ,4.25 ,2.8
12012858 ,4.2 ,7 ,4.6 ,5 ,3.75 ,5 ,4.5 ,6 ,4
15011005 ,6.4 ,4.5 ,4.75 ,4.2 ,3.8 ,4.25 ,5.5 ,2.8 ,4.4
19004830 ,8 ,5 ,3.8 ,3.8 ,3.25 ,4.5 ,4.25 ,4 ,4.6
25004851 ,5.4 ,5.75 ,5 ,3.75 ,5 ,5.5 ,6 ,4.4 ,3.4
26019002 ,5.8 ,6.25 ,4.2 ,3.8 ,4.25 ,4.25 ,2.8 ,4.6 ,4.2
05000767 ,4.8 ,5 ,3.8 ,3.25 ,4.5 ,6 ,4 ,3.4 ,4.2
10005182 ,4.8 ,5 ,3.75 ,5 ,5.5 ,2.8 ,4.4 ,4.2 ,5.75
11000689 ,5 ,6.75 ,3.8 ,4.25 ,4.25 ,4 ,4.6 ,4.2 ,3.2
11001678 ,6.2 ,4 ,3.25 ,4.5 ,6 ,4.4 ,3.4 ,5.75 ,3.6
12001253 ,5.8 ,5.75 ,5 ,5.5 ,2.8 ,4.6 ,4.2 ,3.2 ,4.25
12002564 ,6 ,5.25 ,4.25 ,4.25 ,4 ,3.4 ,4.2 ,3.6 ,2.5
12002598 ,6.2 ,4.75 ,4.5 ,6 ,4.4 ,4.2 ,5.75 ,4.25 ,3.2
12003542 ,5 ,5 ,5.5 ,2.8 ,4.6 ,4.2 ,3.2 ,2.5 ,4.75
12005587 ,6.2 ,5 ,4.25 ,4 ,3.4 ,5.75 ,3.6 ,3.2 ,4.4
12005607 ,4.6 ,5 ,6 ,4.4 ,4.2 ,3.2 ,4.25 ,4.75 ,3.25
12006362 ,5.6 ,7 ,2.8 ,4.6 ,4.2 ,3.6 ,2.5 ,4.4 ,5.5
12006412 ,5.2 ,6.25 ,4 ,3.4 ,5.75 ,4.25 ,3.2 ,3.25 ,4.8
12007036 ,6.4 ,5.75 ,4.4 ,4.2 ,3.2 ,2.5 ,4.75 ,5.5 ,5.5
12009959 ,5.6 ,6.25 ,4.6 ,4.2 ,3.6 ,3.2 ,4.4 ,4.8 ,3.8
12011412 ,5 ,8 ,3.4 ,5.75 ,4.25 ,4.75 ,3.25 ,5.5 ,4.8
12012426 ,4 ,7.25 ,4.2 ,3.2 ,2.5 ,4.4 ,5.5 ,3.8 ,5
13005120 ,5.2 ,6 ,4.2 ,3.6 ,3.2 ,3.25 ,4.8 ,4.8 ,3.6
13005138 ,6.8 ,3 ,5.75 ,4.25 ,4.75 ,5.5 ,5.5 ,5 ,3.2
18001268 ,4.2 ,6 ,3.2 ,2.5 ,4.4 ,4.8 ,3.8 ,3.6 ,5.25
18013696 ,6 ,6 ,3.6 ,3.2 ,3.25 ,5.5 ,4.8 ,3.2 ,3.8
05000501 ,4.6 ,4.5 ,4.25 ,4.75 ,5.5 ,3.8 ,5 ,5.25 ,3
07002569 ,6.4 ,6.25 ,2.5 ,4.4 ,4.8 ,4.8 ,3.6 ,3.8 ,3.2
10005215 ,2.6 ,7.5 ,3.2 ,3.25 ,5.5 ,5 ,3.2 ,3 ,3.6
11001539 ,4.6 ,4 ,4.75 ,5.5 ,3.8 ,3.6 ,5.25 ,3.2 ,4.5
12001427 ,6.2 ,5.75 ,4.4 ,4.8 ,4.8 ,3.2 ,3.8 ,3.6 ,3.4
12002496 ,5.2 ,4.75 ,3.25 ,5.5 ,5 ,5.25 ,3 ,4.5 ,3.4
12002559 ,4.6 ,3.25 ,5.5 ,3.8 ,3.6 ,3.8 ,3.2 ,3.4 ,4.5
12002816 ,5.4 ,5 ,4.8 ,4.8 ,3.2 ,3 ,3.6 ,3.4 ,4
12003537 ,5.8 ,4 ,5.5 ,5 ,5.25 ,3.2 ,4.5 ,4.5 ,2.6
12005149 ,5.6 ,6.75 ,3.8 ,3.6 ,3.8 ,3.6 ,3.4 ,4 ,4.8
12007908 ,3.4 ,7 ,4.8 ,3.2 ,3 ,4.5 ,3.4 ,2.6 ,4.5
12009807 ,5.8 ,5.5 ,5 ,5.25 ,3.2 ,3.4 ,4.5 ,4.8 ,4.2
12010451 ,4.4 ,7.75 ,3.6 ,3.8 ,3.6 ,3.4 ,4 ,4.5 ,6
12011237 ,3.8 ,6.25 ,3.2 ,3 ,4.5 ,4.5 ,2.6 ,4.2 ,3
12011253 ,6.2 ,3.75 ,5.25 ,3.2 ,3.4 ,4 ,4.8 ,6 ,3.6
12011359 ,4.6 ,6.75 ,3.8 ,3.6 ,3.4 ,2.6 ,4.5 ,3 ,4.75
12012357 ,4.8 ,7.5 ,3 ,4.5 ,4.5 ,4.8 ,4.2 ,3.6 ,6
12012629 ,4.6 ,5.5 ,3.2 ,3.4 ,4 ,4.5 ,6 ,4.75 ,3.5
13001856 ,4.6 ,7 ,3.6 ,3.4 ,2.6 ,4.2 ,3 ,6 ,5
18004233 ,5.6 ,5.25 ,4.5 ,4.5 ,4.8 ,6 ,3.6 ,3.5 ,4.25
19000498 ,6.6 ,6.25 ,3.4 ,4 ,4.5 ,3 ,4.75 ,5 ,4.8
26014201 ,7 ,5.25 ,3.4 ,2.6 ,4.2 ,3.6 ,6 ,4.25 ,2.8
06003657 ,5 ,3.5 ,4.5 ,4.8 ,6 ,4.75 ,3.5 ,4.8 ,2.8
10008788 ,3.6 ,7.5 ,4 ,4.5 ,3 ,6 ,5 ,2.8 ,3.2
12001283 ,6 ,7.5 ,2.6 ,4.2 ,3.6 ,3.5 ,4.25 ,2.8 ,5.75
12001448 ,5.2 ,6 ,4.8 ,6 ,4.75 ,5 ,4.8 ,3.2 ,5
12002664 ,5.8 ,4.75 ,4.5 ,3 ,6 ,4.25 ,2.8 ,5.75 ,4.6
12004267 ,5.6 ,5.25 ,4.2 ,3.6 ,3.5 ,4.8 ,2.8 ,5 ,4
12004771 ,6 ,4 ,6 ,4.75 ,5 ,2.8 ,3.2 ,4.6 ,3.4
12005633 ,5.2 ,4.75 ,3 ,6 ,4.25 ,2.8 ,5.75 ,4 ,3.8
12006473 ,6.2 ,6.25 ,3.6 ,3.5 ,4.8 ,3.2 ,5 ,3.4 ,5.8
12006948 ,6.2 ,5 ,4.75 ,5 ,2.8 ,5.75 ,4.6 ,3.8 ,5.25
12007079 ,4.8 ,5.25 ,6 ,4.25 ,2.8 ,5 ,4 ,5.8 ,4.4
12008126 ,4.8 ,4.75 ,3.5 ,4.8 ,3.2 ,4.6 ,3.4 ,5.25 ,3.8
12008250 ,6 ,5 ,5 ,2.8 ,5.75 ,4 ,3.8 ,4.4 ,5
12009465 ,3.8 ,5 ,4.25 ,2.8 ,5 ,3.4 ,5.8 ,3.8 ,3.6
12010165 ,4.2 ,6.5 ,4.8 ,3.2 ,4.6 ,3.8 ,5.25 ,5 ,5.75
12010901 ,3.2 ,7 ,2.8 ,5.75 ,4 ,5.8 ,4.4 ,3.6 ,2.8
12010906 ,3.4 ,6.75 ,2.8 ,5 ,3.4 ,5.25 ,3.8 ,5.75 ,3.6
12010955 ,3.6 ,6.25 ,3.2 ,4.6 ,3.8 ,4.4 ,5 ,2.8 ,4.6
12011151 ,5.6 ,3.75 ,5.75 ,4 ,5.8 ,3.8 ,3.6 ,3.6 ,5.75
12011365 ,5.4 ,5.5 ,5 ,3.4 ,5.25 ,5 ,5.75 ,4.6 ,2.8
12011978 ,6.2 ,5.25 ,4.6 ,3.8 ,4.4 ,3.6 ,2.8 ,5.75 ,3.2
12012348 ,4.6 ,6.5 ,4 ,5.8 ,3.8 ,5.75 ,3.6 ,2.8 ,3
13002560 ,5.8 ,5.75 ,3.4 ,5.25 ,5 ,2.8 ,4.6 ,3.2 ,3
18010004 ,4.8 ,6.5 ,3.8 ,4.4 ,3.6 ,3.6 ,5.75 ,3 ,4
19006645 ,4.8 ,5 ,5.8 ,3.8 ,5.75 ,4.6 ,2.8 ,3 ,4.8
21014204 ,6.2 ,4 ,5.25 ,5 ,2.8 ,5.75 ,3.2 ,4 ,3.8
28029252 ,5.4 ,5.75 ,4.4 ,3.6 ,3.6 ,2.8 ,3 ,4.8 ,5.25
06004269 ,3.8 ,5.25 ,3.8 ,5.75 ,4.6 ,3.2 ,3 ,3.8 ,5.25
06004288 ,4.6 ,3.25 ,5 ,2.8 ,5.75 ,3 ,4 ,5.25 ,4.6
11001421 ,4 ,7.25 ,3.6 ,3.6 ,2.8 ,3 ,4.8 ,5.25 ,6
12000697 ,5 ,4 ,5.75 ,4.6 ,3.2 ,4 ,3.8 ,4.6 ,3.4
12001004 ,5.4 ,4.5 ,2.8 ,5.75 ,3 ,4.8 ,5.25 ,6 ,4
12001300 ,4.8 ,7.25 ,3.6 ,2.8 ,3 ,3.8 ,5.25 ,3.4 ,4.2
12001342 ,4.2 ,7 ,4.6 ,3.2 ,4 ,5.25 ,4.6 ,4 ,3.4
12001360 ,5.6 ,4.5 ,5.75 ,3 ,4.8 ,5.25 ,6 ,4.2 ,6.75
12003827 ,4.4 ,5.5 ,2.8 ,3 ,3.8 ,4.6 ,3.4 ,3.4 ,4.6
12004298 ,5 ,6.5 ,3.2 ,4 ,5.25 ,6 ,4 ,6.75 ,3.2
12004991 ,6.2 ,6.5 ,3 ,4.8 ,5.25 ,3.4 ,4.2 ,4.6 ,3.75
12005468 ,4.2 ,5.5 ,3 ,3.8 ,4.6 ,4 ,3.4 ,3.2 ,4.25
12005517 ,5.8 ,5 ,4 ,5.25 ,6 ,4.2 ,6.75 ,3.75 ,4.8
12007257 ,6 ,5 ,4.8 ,5.25 ,3.4 ,3.4 ,4.6 ,4.25 ,5.5
12007369 ,4.4 ,7.5 ,3.8 ,4.6 ,4 ,6.75 ,3.2 ,4.8 ,3.25
12008297 ,6.4 ,4 ,5.25 ,6 ,4.2 ,4.6 ,3.75 ,5.5 ,4.5
12011567 ,6 ,4.5 ,5.25 ,3.4 ,3.4 ,3.2 ,4.25 ,3.25 ,3.6
12011648 ,4.2 ,7 ,4.6 ,4 ,6.75 ,3.75 ,4.8 ,4.5 ,3.2
12011682 ,3.4 ,6.25 ,6 ,4.2 ,4.6 ,4.25 ,5.5 ,3.6 ,3.4
12012455 ,3.2 ,6.25 ,3.4 ,3.4 ,3.2 ,4.8 ,3.25 ,3.2 ,3
12012806 ,2.6 ,6.25 ,4 ,6.75 ,3.75 ,5.5 ,4.5 ,3.4 ,3
18011887 ,5.2 ,5.25 ,4.2 ,4.6 ,4.25 ,3.25 ,3.6 ,3 ,3.8
18012135 ,4.6 ,6.75 ,3.4 ,3.2 ,4.8 ,4.5 ,3.2 ,3 ,4.2
25011019 ,4.2 ,4.25 ,6.75 ,3.75 ,5.5 ,3.6 ,3.4 ,3.8 ,5.5
01030659 ,4.6 ,6.25 ,4.6 ,4.25 ,3.25 ,3.2 ,3 ,4.2 ,4.6
01031235 ,5.6 ,6.75 ,3.2 ,4.8 ,4.5 ,3.4 ,3 ,5.5 ,5.25
01036765 ,3.6 ,5.25 ,3.75 ,5.5 ,3.6 ,3 ,3.8 ,4.6 ,4.75
12000824 ,4.4 ,3.75 ,4.25 ,3.25 ,3.2 ,3 ,4.2 ,5.25 ,4
12006107 ,4.2 ,6.5 ,4.8 ,4.5 ,3.4 ,3.8 ,5.5 ,4.75 ,5
12007258 ,5.4 ,4.5 ,5.5 ,3.6 ,3 ,4.2 ,4.6 ,4 ,3.25
12007405 ,5.8 ,5.5 ,3.25 ,3.2 ,3 ,5.5 ,5.25 ,5 ,3.8
12007602 ,6.2 ,3.75 ,4.5 ,3.4 ,3.8 ,4.6 ,4.75 ,3.25 ,5
12008372 ,5 ,7 ,3.6 ,3 ,4.2 ,5.25 ,4 ,3.8 ,3.2
12008455 ,6.2 ,6 ,3.2 ,3 ,5.5 ,4.75 ,5 ,5 ,4.2
12008515 ,5 ,7 ,3.4 ,3.8 ,4.6 ,4 ,3.25 ,3.2 ,3.2
12009551 ,3.6 ,6 ,3 ,4.2 ,5.25 ,5 ,3.8 ,4.2 ,3.6
12010122 ,4.4 ,7.5 ,3 ,5.5 ,4.75 ,3.25 ,5 ,3.2 ,3.4
12010934 ,4.8 ,6 ,3.8 ,4.6 ,4 ,3.8 ,3.2 ,3.6 ,4.25
14006549 ,5.4 ,5 ,4.2 ,5.25 ,5 ,5 ,4.2 ,3.4 ,4.2
18009571 ,4.8 ,4.25 ,5.5 ,4.75 ,3.25 ,3.2 ,3.2 ,4.25 ,4.2
19007770 ,4 ,6.5 ,4.6 ,4 ,3.8 ,4.2 ,3.6 ,4.2 ,4
28005357 ,3 ,4.25 ,5.25 ,5 ,5 ,3.2 ,3.4 ,4.2 ,4
01058341 ,5.6 ,5 ,4.75 ,3.25 ,3.2 ,3.6 ,4.25 ,4 ,3.5
06002253 ,4 ,4.25 ,4 ,3.8 ,4.2 ,3.4 ,4.2 ,4 ,4.75
10000776 ,5.8 ,3.5 ,5 ,5 ,3.2 ,4.25 ,4.2 ,3.5 ,3.2
10002954 ,6 ,3 ,3.25 ,3.2 ,3.6 ,4.2 ,4 ,4.75 ,4.8
11000789 ,3 ,7.5 ,3.8 ,4.2 ,3.4 ,4.2 ,4 ,3.2 ,4.4
12001761 ,5.4 ,4.75 ,5 ,3.2 ,4.25 ,4 ,3.5 ,4.8 ,5.75
12002431 ,4 ,7 ,3.2 ,3.6 ,4.2 ,4 ,4.75 ,4.4 ,2.2
12002688 ,2.8 ,7.25 ,4.2 ,3.4 ,4.2 ,3.5 ,3.2 ,5.75 ,2.4
12003258 ,4.6 ,7 ,3.2 ,4.25 ,4 ,4.75 ,4.8 ,2.2 ,5.25
12003606 ,3.2 ,5.5 ,3.6 ,4.2 ,4 ,3.2 ,4.4 ,2.4 ,3.6
12003735 ,3.8 ,5 ,3.4 ,4.2 ,3.5 ,4.8 ,5.75 ,5.25 ,3
12004750 ,5 ,6 ,4.25 ,4 ,4.75 ,4.4 ,2.2 ,3.6 ,2.6
12004940 ,4.4 ,6.75 ,4.2 ,4 ,3.2 ,5.75 ,2.4 ,3 ,4.2
12004959 ,4.2 ,6.75 ,4.2 ,3.5 ,4.8 ,2.2 ,5.25 ,2.6 ,3
12005076 ,5.2 ,6 ,4 ,4.75 ,4.4 ,2.4 ,3.6 ,4.2 ,4
12006330 ,4.8 ,6.5 ,4 ,3.2 ,5.75 ,5.25 ,3 ,3 ,4
12007155 ,5.4 ,6.25 ,3.5 ,4.8 ,2.2 ,3.6 ,2.6 ,4 ,5.25
12008179 ,4.8 ,4.75 ,4.75 ,4.4 ,2.4 ,3 ,4.2 ,4 ,3.25
12008520 ,5.6 ,6.5 ,3.2 ,5.75 ,5.25 ,2.6 ,3 ,5.25 ,3.6
12009861 ,4 ,6.5 ,4.8 ,2.2 ,3.6 ,4.2 ,4 ,3.25 ,3
12010072 ,3.4 ,7 ,4.4 ,2.4 ,3 ,3 ,4 ,3.6 ,2.8
17000788 ,6.4 ,3 ,5.75 ,5.25 ,2.6 ,4 ,5.25 ,3 ,4.8
18008536 ,4.2 ,5.75 ,2.2 ,3.6 ,4.2 ,4 ,3.25 ,2.8 ,4
25008134 ,5.4 ,7 ,2.4 ,3 ,3 ,5.25 ,3.6 ,4.8 ,5.25
26016056 ,5.8 ,3.75 ,5.25 ,2.6 ,4 ,3.25 ,3 ,4 ,7.5
27001767 ,5.6 ,5.5 ,3.6 ,4.2 ,4 ,3.6 ,2.8 ,5.25 ,8
12000561 ,4.6 ,4.5 ,3 ,3 ,5.25 ,3 ,4.8 ,7.5 ,7
12000983 ,3.8 ,5.5 ,2.6 ,4 ,3.25 ,2.8 ,4 ,8 ,6.5
12001522 ,4.8 ,6 ,4.2 ,4 ,3.6 ,4.8 ,5.25 ,7 ,6.4
12003650 ,2.8 ,6.25 ,3 ,5.25 ,3 ,4 ,7.5 ,6.5 ,4.8
12004295 ,4.4 ,5.5 ,4 ,3.25 ,2.8 ,5.25 ,8 ,6.4 ,3.6
12005103 ,4.6 ,6.5 ,4 ,3.6 ,4.8 ,7.5 ,7 ,4.8 ,7.2
12006383 ,5.2 ,4.5 ,5.25 ,3 ,4 ,8 ,6.5 ,3.6 ,5.6
12009170 ,5 ,5.75 ,3.25 ,2.8 ,5.25 ,7 ,6.4 ,7.2 ,4.2
12009322 ,3.2 ,5.25 ,3.6 ,4.8 ,7.5 ,6.5 ,4.8 ,5.6 ,4.6
12012705 ,4.6 ,4.5 ,3 ,4 ,8 ,6.4 ,3.6 ,4.2 ,4.4
13003477 ,5.8 ,5.5 ,2.8 ,5.25 ,7 ,4.8 ,7.2 ,4.6 ,5.2
17006642 ,4.4 ,4.75 ,4.8 ,7.5 ,6.5 ,3.6 ,5.6 ,4.4 ,3.6
24001351 ,4.4 ,6.5 ,4 ,8 ,6.4 ,7.2 ,4.2 ,5.2 ,4.6
28003416 ,5 ,4.75 ,5.25 ,7 ,4.8 ,5.6 ,4.6 ,3.6 ,3.6
09005328 ,7.4 ,6.75 ,7.5 ,6.5 ,3.6 ,4.2 ,4.4 ,4.6 ,6
01041582 ,5 ,6 ,8 ,6.4 ,7.2 ,4.6 ,5.2 ,3.6 ,7.25
21004178 ,7.6 ,7 ,7 ,4.8 ,5.6 ,4.4 ,3.6 ,6 ,6
12002422 ,6 ,6.25 ,6.5 ,3.6 ,4.2 ,5.2 ,4.6 ,7.25 ,3.8
12007164 ,6.4 ,8 ,6.4 ,7.2 ,4.6 ,3.6 ,3.6 ,6 ,5.8
12010118 ,6 ,7 ,4.8 ,5.6 ,4.4 ,4.6 ,6 ,3.8 ,3.6
10002519 ,8.2 ,5.75 ,3.6 ,4.2 ,5.2 ,3.6 ,7.25 ,5.8 ,3.6
18015264 ,5.2 ,7 ,7.2 ,4.6 ,3.6 ,6 ,6 ,3.6 ,5.6
27007125 ,7 ,7 ,5.6 ,4.4 ,4.6 ,7.25 ,3.8 ,3.6 ,5.6
13005236 ,6.6 ,6.5 ,4.2 ,5.2 ,3.6 ,6 ,5.8 ,5.6 ,4.4
07002038 ,5.8 ,6.5 ,4.6 ,3.6 ,6 ,3.8 ,3.6 ,5.6 ,5.25
12002350 ,7 ,5.5 ,4.4 ,4.6 ,7.25 ,5.8 ,3.6 ,4.4 ,5.6
06004150 ,6.8 ,4.75 ,5.2 ,3.6 ,6 ,3.6 ,5.6 ,5.25 ,6
11001198 ,5.4 ,7.5 ,3.6 ,6 ,3.8 ,3.6 ,5.6 ,5.6 ,5.6
12010293 ,6.6 ,7.75 ,4.6 ,7.25 ,5.8 ,5.6 ,4.4 ,6 ,5.25
10006544 ,4 ,8.5 ,3.6 ,6 ,3.6 ,5.6 ,5.25 ,5.6 ,5.4
12010860 ,6.8 ,5.25 ,6 ,3.8 ,3.6 ,4.4 ,5.6 ,5.25 ,4.5
12001496 ,6.6 ,5 ,7.25 ,5.8 ,5.6 ,5.25 ,6 ,5.4 ,6
26008638 ,6.2 ,6 ,6 ,3.6 ,5.6 ,5.6 ,5.6 ,4.5 ,3
11001580 ,5.4 ,6.25 ,3.8 ,3.6 ,4.4 ,6 ,5.25 ,6 ,7.75
12006926 ,5.8 ,7 ,5.8 ,5.6 ,5.25 ,5.6 ,5.4 ,3 ,6
12000656 ,4.4 ,7 ,3.6 ,5.6 ,5.6 ,5.25 ,4.5 ,7.75 ,3.2
12011038 ,4 ,7.5 ,3.6 ,4.4 ,6 ,5.4 ,6 ,6 ,4
25002243 ,6.4 ,5.5 ,5.6 ,5.25 ,5.6 ,4.5 ,3 ,3.2 ,6.5
12001677 ,6.2 ,6 ,5.6 ,5.6 ,5.25 ,6 ,7.75 ,4 ,3.4
12011374 ,4.4 ,8.75 ,4.4 ,6 ,5.4 ,3 ,6 ,6.5 ,5.5
12009387 ,5.2 ,5.75 ,5.25 ,5.6 ,4.5 ,7.75 ,3.2 ,3.4 ,5.6
12010441 ,6.4 ,4.75 ,5.6 ,5.25 ,6 ,6 ,4 ,5.5 ,4.6
11002073 ,3.4 ,4.5 ,6 ,5.4 ,3 ,3.2 ,6.5 ,5.6 ,3.4
12005736 ,6.6 ,3.75 ,5.6 ,4.5 ,7.75 ,4 ,3.4 ,4.6 ,4.4
12008291 ,6.4 ,5.25 ,5.25 ,6 ,6 ,6.5 ,5.5 ,3.4 ,5
18014065 ,4.6 ,6 ,5.4 ,3 ,3.2 ,3.4 ,5.6 ,4.4 ,2.8
07000977 ,4.8 ,4.5 ,4.5 ,7.75 ,4 ,5.5 ,4.6 ,5 ,6.75
12001050 ,5.8 ,4 ,6 ,6 ,6.5 ,5.6 ,3.4 ,2.8 ,6.25
12005478 ,4.8 ,6 ,3 ,3.2 ,3.4 ,4.6 ,4.4 ,6.75 ,7
12011987 ,4.4 ,4.5 ,7.75 ,4 ,5.5 ,3.4 ,5 ,6.25 ,5.5
18013498 ,5.2 ,5 ,6 ,6.5 ,5.6 ,4.4 ,2.8 ,7 ,4
01065211 ,6.8 ,6.5 ,3.2 ,3.4 ,4.6 ,5 ,6.75 ,5.5 ,4.75
12011351 ,5.4 ,7 ,4 ,5.5 ,3.4 ,2.8 ,6.25 ,4 ,3
12012183 ,4 ,5 ,6.5 ,5.6 ,4.4 ,6.75 ,7 ,4.75 ,2.6
18010831 ,5.8 ,6.25 ,3.4 ,4.6 ,5 ,6.25 ,5.5 ,3 ,2
10005657 ,3.4 ,4.25 ,5.5 ,3.4 ,2.8 ,7 ,4 ,2.6 ,3.6
12004994 ,5.2 ,5.5 ,5.6 ,4.4 ,6.75 ,5.5 ,4.75 ,2 ,4
12007341 ,4.2 ,7.5 ,4.6 ,5 ,6.25 ,4 ,3 ,3.6 ,3.4
12011375 ,5.2 ,7.75 ,3.4 ,2.8 ,7 ,4.75 ,2.6 ,4 ,4
26002556 ,4.8 ,7 ,4.4 ,6.75 ,5.5 ,3 ,2 ,3.4 ,6
01009587 ,4.2 ,7.25 ,5 ,6.25 ,4 ,2.6 ,3.6 ,4 ,2.8
07001819 ,5.8 ,4.5 ,2.8 ,7 ,4.75 ,2 ,4 ,6 ,2.6
12002729 ,3.6 ,4.75 ,6.75 ,5.5 ,3 ,3.6 ,3.4 ,2.8 ,4.4
12011080 ,4.2 ,4.5 ,6.25 ,4 ,2.6 ,4 ,4 ,2.6 ,2.8
10000703 ,3 ,4.75 ,7 ,4.75 ,2 ,3.4 ,6 ,4.4 ,3.6
12002755 ,4 ,5.25 ,5.5 ,3 ,3.6 ,4 ,2.8 ,2.8 ,8
12006132 ,5.6 ,6.25 ,4 ,2.6 ,4 ,6 ,2.6 ,3.6 ,8.75
01058037 ,3.6 ,7.25 ,4.75 ,2 ,3.4 ,2.8 ,4.4 ,8 ,8.75
10001829 ,4.4 ,5 ,3 ,3.6 ,4 ,2.6 ,2.8 ,8.75 ,9
11000147 ,3.4 ,6.5 ,2.6 ,4 ,6 ,4.4 ,3.6 ,8.75 ,8.75
12005164 ,4.6 ,6 ,2 ,3.4 ,2.8 ,2.8 ,8 ,9 ,8.25
11001861 ,3.2 ,5.5 ,3.6 ,4 ,2.6 ,3.6 ,8.75 ,8.75 ,8
12004565 ,3 ,5.25 ,4 ,6 ,4.4 ,8 ,8.75 ,8.25 ,8.75
12005421 ,3.6 ,5.25 ,3.4 ,2.8 ,2.8 ,8.75 ,9 ,8 ,7.25
12009745 ,3.8 ,7.5 ,4 ,2.6 ,3.6 ,8.75 ,8.75 ,8.75 ,7
12009885 ,5.6 ,3.75 ,6 ,4.4 ,8 ,9 ,8.25 ,7.25 ,8.5
12011653 ,6.4 ,6 ,2.8 ,2.8 ,8.75 ,8.75 ,8 ,7 ,9
12012585 ,4 ,5.75 ,2.6 ,3.6 ,8.75 ,8.25 ,8.75 ,8.5 ,9
05005504 ,2.6 ,5 ,4.4 ,8 ,9 ,8 ,7.25 ,9 ,8.5
12005706 ,4.6 ,5.5 ,2.8 ,8.75 ,8.75 ,8.75 ,7 ,9 ,9
18013572 ,4.2 ,6.25 ,3.6 ,8.75 ,8.25 ,7.25 ,8.5 ,8.5 ,7.5
11000635 ,8.5 ,7.5 ,8 ,9 ,8 ,7 ,9 ,9 ,9
18007561 ,7 ,8.25 ,8.75 ,8.75 ,8.75 ,8.5 ,9 ,7.5 ,7
11000836 ,8.75 ,6 ,8.75 ,8.25 ,7.25 ,9 ,8.5 ,9 ,8.5
62003768 ,7.5 ,7 ,9 ,8 ,7 ,9 ,9 ,7 ,9
09002644 ,7.25 ,7.25 ,8.75 ,8.75 ,8.5 ,8.5 ,7.5 ,8.5 ,7.5
12001525 ,8.25 ,8.5 ,8.25 ,7.25 ,9 ,9 ,9 ,9 ,8.25
10001720 ,8.5 ,6 ,8 ,7 ,9 ,7.5 ,7 ,7.5 ,8.75
10004707 ,6.75 ,7 ,8.75 ,8.5 ,8.5 ,9 ,8.5 ,8.25 ,7.75
05000037 ,7.75 ,7 ,7.25 ,9 ,9 ,7 ,9 ,8.75 ,9.5
11001221 ,9 ,6 ,7 ,9 ,7.5 ,8.5 ,7.5 ,7.75 ,8
18007477 ,7.25 ,8.25 ,8.5 ,8.5 ,9 ,9 ,8.25 ,9.5 ,8.75
12002398 ,7.25 ,5.5 ,9 ,9 ,7 ,7.5 ,8.75 ,8 ,8.75
15004442 ,6.5 ,8.25 ,9 ,7.5 ,8.5 ,8.25 ,7.75 ,8.75 ,7
23005293 ,6.25 ,7 ,8.5 ,9 ,9 ,8.75 ,9.5 ,8.75 ,8.75
28032112 ,7.75 ,7.5 ,9 ,7 ,7.5 ,7.75 ,8 ,7 ,7.75
11000831 ,8 ,8 ,7.5 ,8.5 ,8.25 ,9.5 ,8.75 ,8.75 ,7.5
01063642 ,7.25 ,8 ,9 ,9 ,8.75 ,8 ,8.75 ,7.75 ,7.75
01071068 ,8 ,7.25 ,7 ,7.5 ,7.75 ,8.75 ,7 ,7.5 ,6.5
15009704 ,7.5 ,7.25 ,8.5 ,8.25 ,9.5 ,8.75 ,8.75 ,7.75 ,8.25
21013231 ,7.25 ,8 ,9 ,8.75 ,8 ,7 ,7.75 ,6.5 ,8
01035823 ,7.5 ,6 ,7.5 ,7.75 ,8.75 ,8.75 ,7.5 ,8.25 ,8.25
01041011 ,6.25 ,6.5 ,8.25 ,9.5 ,8.75 ,7.75 ,7.75 ,8 ,9.5
12001722 ,7.25 ,8 ,8.75 ,8 ,7 ,7.5 ,6.5 ,8.25 ,7
12009071 ,5 ,9.25 ,7.75 ,8.75 ,8.75 ,7.75 ,8.25 ,9.5 ,6
12010088 ,7 ,6.5 ,9.5 ,8.75 ,7.75 ,6.5 ,8 ,7 ,9
12010104 ,5 ,7.75 ,8 ,7 ,7.5 ,8.25 ,8.25 ,6 ,7.5
12010235 ,7.75 ,6.75 ,8.75 ,8.75 ,7.75 ,8 ,9.5 ,9 ,7.25
62000161 ,8.25 ,5.75 ,8.75 ,7.75 ,6.5 ,8.25 ,7 ,7.5 ,7.75
62003771 ,7.5 ,6.25 ,7 ,7.5 ,8.25 ,9.5 ,6 ,7.25 ,7
07002918 ,5.25 ,6.25 ,8.75 ,7.75 ,8 ,7 ,9 ,7.75 ,8
11002759 ,8.5 ,4 ,7.75 ,6.5 ,8.25 ,6 ,7.5 ,7 ,6
06001432 ,6.25 ,6.25 ,7.5 ,8.25 ,9.5 ,9 ,7.25 ,8 ,6.5
06003159 ,6.5 ,5.75 ,7.75 ,8 ,7 ,7.5 ,7.75 ,6 ,7.25
12000695 ,6.5 ,7 ,6.5 ,8.25 ,6 ,7.25 ,7 ,6.5 ,8.25
12003314 ,7 ,7.25 ,8.25 ,9.5 ,9 ,7.75 ,8 ,7.25 ,7.75
12012581 ,6 ,6 ,8 ,7 ,7.5 ,7 ,6 ,8.25 ,8.25
13003747 ,6 ,7.75 ,8.25 ,6 ,7.25 ,8 ,6.5 ,7.75 ,7.75
15007416 ,6.5 ,6.5 ,9.5 ,9 ,7.75 ,6 ,7.25 ,8.25 ,7.5
62004317 ,6 ,7 ,7 ,7.5 ,7 ,6.5 ,8.25 ,7.75 ,7
01041770 ,8.25 ,5.5 ,6 ,7.25 ,8 ,7.25 ,7.75 ,7.5 ,7.5
03002583 ,7 ,5.75 ,9 ,7.75 ,6 ,8.25 ,8.25 ,7 ,6
10002622 ,7.25 ,5 ,7.5 ,7 ,6.5 ,7.75 ,7.75 ,7.5 ,8.5
11000107 ,6 ,6.5 ,7.25 ,8 ,7.25 ,8.25 ,7.5 ,6 ,8
11001886 ,6.5 ,5.5 ,7.75 ,6 ,8.25 ,7.75 ,7 ,8.5 ,8
12001809 ,8.6 ,7.25 ,7 ,6.5 ,7.75 ,7.5 ,7.5 ,8 ,6.75
12011659 ,6.5 ,7.25 ,8 ,7.25 ,8.25 ,7 ,6 ,8 ,6.5
12002332 ,6.4 ,7 ,6 ,8.25 ,7.75 ,7.5 ,8.5 ,6.75 ,7.75
07001623 ,6 ,6.75 ,6.5 ,7.75 ,7.5 ,6 ,8 ,6.5 ,7.25
12000380 ,8 ,4 ,7.25 ,8.25 ,7 ,8.5 ,8 ,7.75 ,5.75
12005664 ,6.5 ,6.5 ,8.25 ,7.75 ,7.5 ,8 ,6.75 ,7.25 ,8.75
12007374 ,6 ,7.5 ,7.75 ,7.5 ,6 ,8 ,6.5 ,5.75 ,8.75
27004231 ,7 ,7 ,8.25 ,7 ,8.5 ,6.75 ,7.75 ,8.75 ,5.25
30007103 ,6.5 ,7.5 ,7.75 ,7.5 ,8 ,6.5 ,7.25 ,8.75 ,6
62001824 ,6.25 ,5.5 ,7.5 ,6 ,8 ,7.75 ,5.75 ,5.25 ,7.5
06002414 ,7 ,5 ,7 ,8.5 ,6.75 ,7.25 ,8.75 ,6 ,8.75
08004300 ,5.25 ,6.25 ,7.5 ,8 ,6.5 ,5.75 ,8.75 ,7.5 ,8.5
11002313 ,8 ,5 ,6 ,8 ,7.75 ,8.75 ,5.25 ,8.75 ,8.25
12003205 ,7 ,6 ,8.5 ,6.75 ,7.25 ,8.75 ,6 ,8.5 ,8.25
12004953 ,7 ,7 ,8 ,6.5 ,5.75 ,5.25 ,7.5 ,8.25 ,9
12007094 ,7 ,7 ,8 ,7.75 ,8.75 ,6 ,8.75 ,8.25 ,6.5
12009381 ,6.25 ,6 ,6.75 ,7.25 ,8.75 ,7.5 ,8.5 ,9 ,8
03017453 ,7.8 ,7.5 ,6.5 ,5.75 ,5.25 ,8.75 ,8.25 ,6.5 ,5
09004691 ,8 ,5 ,7.75 ,8.75 ,6 ,8.5 ,8.25 ,8 ,5.75
12008078 ,8.5 ,5 ,7.25 ,8.75 ,7.5 ,8.25 ,9 ,5 ,5.25
12012359 ,6 ,7 ,5.75 ,5.25 ,8.75 ,8.25 ,6.5 ,5.75 ,6
15007272 ,5.5 ,7 ,8.75 ,6 ,8.5 ,9 ,8 ,5.25 ,6
15008009 ,6.25 ,5.75 ,8.75 ,7.5 ,8.25 ,6.5 ,5 ,6 ,8
62003341 ,6.2 ,7.25 ,5.25 ,8.75 ,8.25 ,8 ,5.75 ,6 ,8.5
11000670 ,7.5 ,5 ,6 ,8.5 ,9 ,5 ,5.25 ,8 ,7.5
12001441 ,7 ,7 ,7.5 ,8.25 ,6.5 ,5.75 ,6 ,8.5 ,7.5
12002203 ,6 ,6.75 ,8.75 ,8.25 ,8 ,5.25 ,6 ,7.5 ,6.75
12003534 ,5.75 ,6.75 ,8.5 ,9 ,5 ,6 ,8 ,7.5 ,8.25
12010157 ,8 ,4.75 ,8.25 ,6.5 ,5.75 ,6 ,8.5 ,6.75 ,8.75
13004886 ,5.5 ,4.75 ,8.25 ,8 ,5.25 ,8 ,7.5 ,8.25 ,8.5
14001055 ,6.25 ,5.25 ,9 ,5 ,6 ,8.5 ,7.5 ,8.75 ,6.25
01036002 ,6 ,5.75 ,6.5 ,5.75 ,6 ,7.5 ,6.75 ,8.5 ,6.75
06001038 ,4.25 ,6 ,8 ,5.25 ,8 ,7.5 ,8.25 ,6.25 ,7.25
10002541 ,7 ,6.25 ,5 ,6 ,8.5 ,6.75 ,8.75 ,6.75 ,7
10005788 ,8.5 ,4 ,5.75 ,6 ,7.5 ,8.25 ,8.5 ,7.25 ,6.75
12001303 ,8.75 ,7.25 ,5.25 ,8 ,7.5 ,8.75 ,6.25 ,7 ,3.6
12002371 ,6.75 ,5.5 ,6 ,8.5 ,6.75 ,8.5 ,6.75 ,6.75 ,4
12004366 ,8.5 ,5.75 ,6 ,7.5 ,8.25 ,6.25 ,7.25 ,3.6 ,5
12005673 ,4.5 ,5.75 ,8 ,7.5 ,8.75 ,6.75 ,7 ,4 ,6.25
12006169 ,7 ,4.75 ,8.5 ,6.75 ,8.5 ,7.25 ,6.75 ,5 ,7.25
12007477 ,7.2 ,5.5 ,7.5 ,8.25 ,6.25 ,7 ,3.6 ,6.25 ,8.25
12007616 ,6 ,7.25 ,7.5 ,8.75 ,6.75 ,6.75 ,4 ,7.25 ,6.75
12010453 ,6.5 ,7 ,6.75 ,8.5 ,7.25 ,3.6 ,5 ,8.25 ,5.75
14007660 ,5.25 ,4.75 ,8.25 ,6.25 ,7 ,4 ,6.25 ,6.75 ,6.5
15000727 ,4.5 ,8 ,8.75 ,6.75 ,6.75 ,5 ,7.25 ,5.75 ,8.5
21017338 ,6 ,6.25 ,8.5 ,7.25 ,3.6 ,6.25 ,8.25 ,6.5 ,5.75
30009913 ,8.5 ,5.5 ,6.25 ,7 ,4 ,7.25 ,6.75 ,8.5 ,5.75
62002222 ,6.5 ,5 ,6.75 ,6.75 ,5 ,8.25 ,5.75 ,5.75 ,7.5
06002407 ,3.75 ,7 ,7.25 ,3.6 ,6.25 ,6.75 ,6.5 ,5.75 ,7.6
09001283 ,5.75 ,7.25 ,7 ,4 ,7.25 ,5.75 ,8.5 ,7.5 ,7.25
09002486 ,5 ,6.25 ,6.75 ,5 ,8.25 ,6.5 ,5.75 ,7.6 ,8.75
10005155 ,6.2 ,8.25 ,3.6 ,6.25 ,6.75 ,8.5 ,5.75 ,7.25 ,8.5
10005309 ,5.4 ,8.5 ,4 ,7.25 ,5.75 ,5.75 ,7.5 ,8.75 ,7.75
10005902 ,7.75 ,5.25 ,5 ,8.25 ,6.5 ,5.75 ,7.6 ,8.5 ,8.5
11000763 ,7.5 ,4.25 ,6.25 ,6.75 ,8.5 ,7.5 ,7.25 ,7.75 ,6.5
11002850 ,5 ,5.75 ,7.25 ,5.75 ,5.75 ,7.6 ,8.75 ,8.5 ,7.75
12011016 ,7.25 ,4.5 ,8.25 ,6.5 ,5.75 ,7.25 ,8.5 ,6.5 ,4.6
24004095 ,6.75 ,7 ,6.75 ,8.5 ,7.5 ,8.75 ,7.75 ,7.75 ,6.5
62004432 ,7.75 ,4.5 ,5.75 ,5.75 ,7.6 ,8.5 ,8.5 ,4.6 ,7
06000832 ,6 ,5.25 ,6.5 ,5.75 ,7.25 ,7.75 ,6.5 ,6.5 ,7
06001278 ,4.5 ,4.75 ,8.5 ,7.5 ,8.75 ,8.5 ,7.75 ,7 ,6.5
11002860 ,7 ,5 ,5.75 ,7.6 ,8.5 ,6.5 ,4.6 ,7 ,7.25
12000538 ,7 ,5 ,5.75 ,7.25 ,7.75 ,7.75 ,6.5 ,6.5 ,6.5
12001567 ,7.5 ,5.75 ,7.5 ,8.75 ,8.5 ,4.6 ,7 ,7.25 ,7.5
12006521 ,5.4 ,7.75 ,7.6 ,8.5 ,6.5 ,6.5 ,7 ,6.5 ,7.5
12008542 ,6 ,5.5 ,7.25 ,7.75 ,7.75 ,7 ,6.5 ,7.5 ,7.5
18001824 ,4.25 ,6.75 ,8.75 ,8.5 ,4.6 ,7 ,7.25 ,7.5 ,5.5
19004092 ,5.8 ,6 ,8.5 ,6.5 ,6.5 ,6.5 ,6.5 ,7.5 ,6.75
22004493 ,7 ,5.5 ,7.75 ,7.75 ,7 ,7.25 ,7.5 ,5.5 ,7.75
22009967 ,6.5 ,5.25 ,8.5 ,4.6 ,7 ,6.5 ,7.5 ,6.75 ,6.5
62000012 ,6.5 ,6.75 ,6.5 ,6.5 ,6.5 ,7.5 ,7.5 ,7.75 ,6
07000097 ,4.25 ,5.5 ,7.75 ,7 ,7.25 ,7.5 ,5.5 ,6.5 ,5.75
10005900 ,6.4 ,8.5 ,4.6 ,7 ,6.5 ,7.5 ,6.75 ,6 ,7.25
11000134 ,7 ,4 ,6.5 ,6.5 ,7.5 ,5.5 ,7.75 ,5.75 ,6
11001308 ,5.25 ,5.25 ,7 ,7.25 ,7.5 ,6.75 ,6.5 ,7.25 ,5.5
12001246 ,7.75 ,5.75 ,7 ,6.5 ,7.5 ,7.75 ,6 ,6 ,7.25
12005445 ,5 ,8 ,6.5 ,7.5 ,5.5 ,6.5 ,5.75 ,5.5 ,6.75
12009747 ,8 ,5.25 ,7.25 ,7.5 ,6.75 ,6 ,7.25 ,7.25 ,6.25
12011321 ,8 ,6 ,6.5 ,7.5 ,7.75 ,5.75 ,6 ,6.75 ,5.5
13004771 ,7.5 ,4.5 ,7.5 ,5.5 ,6.5 ,7.25 ,5.5 ,6.25 ,7.5
18015508 ,4.5 ,7.5 ,7.5 ,6.75 ,6 ,6 ,7.25 ,5.5 ,5.5
28025139 ,6.75 ,5.75 ,7.5 ,7.75 ,5.75 ,5.5 ,6.75 ,7.5 ,6.75
62003118 ,6.5 ,5.5 ,5.5 ,6.5 ,7.25 ,7.25 ,6.25 ,5.5 ,6.75
06000844 ,4 ,6.5 ,6.75 ,6 ,6 ,6.75 ,5.5 ,6.75 ,5.5
06000897 ,4.5 ,5 ,7.75 ,5.75 ,5.5 ,6.25 ,7.5 ,6.75 ,6
06001911 ,4.5 ,6.25 ,6.5 ,7.25 ,7.25 ,5.5 ,5.5 ,5.5 ,5.75
07002300 ,5.4 ,5.75 ,6 ,6 ,6.75 ,7.5 ,6.75 ,6 ,6.5
11000879 ,7 ,4.5 ,5.75 ,5.5 ,6.25 ,5.5 ,6.75 ,5.75 ,6.75
12008374 ,7 ,6 ,7.25 ,7.25 ,5.5 ,6.75 ,5.5 ,6.5 ,7
12009558 ,5.75 ,5.5 ,6 ,6.75 ,7.5 ,6.75 ,6 ,6.75 ,6.25
14000863 ,7.25 ,4.5 ,5.5 ,6.25 ,5.5 ,5.5 ,5.75 ,7 ,6.5
23006732 ,5 ,5 ,7.25 ,5.5 ,6.75 ,6 ,6.5 ,6.25 ,7
62001643 ,5.5 ,5 ,6.75 ,7.5 ,6.75 ,5.75 ,6.75 ,6.5 ,5.75
62001670 ,6.25 ,4.75 ,6.25 ,5.5 ,5.5 ,6.5 ,7 ,7 ,7.75
01036110 ,5.5 ,6 ,5.5 ,6.75 ,6 ,6.75 ,6.25 ,5.75 ,8.75
01036886 ,6.75 ,4.75 ,7.5 ,6.75 ,5.75 ,7 ,6.5 ,7.75 ,9
10005322 ,7.75 ,3.75 ,5.5 ,5.5 ,6.5 ,6.25 ,7 ,8.75 ,7.25
11001136 ,5.5 ,4.75 ,6.75 ,6 ,6.75 ,6.5 ,5.75 ,9 ,5.25
11001206 ,6 ,4.25 ,6.75 ,5.75 ,7 ,7 ,7.75 ,7.25 ,6.6
11002037 ,7.75 ,3.75 ,5.5 ,6.5 ,6.25 ,5.75 ,8.75 ,5.25 ,7.75
12008586 ,5.5 ,6.5 ,6 ,6.75 ,6.5 ,7.75 ,9 ,6.6 ,6.25
12008818 ,6.5 ,4.75 ,5.75 ,7 ,7 ,8.75 ,7.25 ,7.75 ,4.5
13001131 ,7.25 ,3.25 ,6.5 ,6.25 ,5.75 ,9 ,5.25 ,6.25 ,6.75
14005248 ,4.5 ,5.75 ,6.75 ,6.5 ,7.75 ,7.25 ,6.6 ,4.5 ,6.5
09001378 ,6.75 ,5 ,7 ,7 ,8.75 ,5.25 ,7.75 ,6.75 ,7
17000912 ,8 ,5.5 ,6.25 ,5.75 ,9 ,6.6 ,6.25 ,6.5 ,5.5
17013365 ,6 ,6.25 ,6.5 ,7.75 ,7.25 ,7.75 ,4.5 ,7 ,6.5
21004459 ,6 ,6.25 ,7 ,8.75 ,5.25 ,6.25 ,6.75 ,5.5 ,7
62000019 ,6.75 ,4.25 ,5.75 ,9 ,6.6 ,4.5 ,6.5 ,6.5 ,7.75
01036139 ,6.5 ,4.25 ,7.75 ,7.25 ,7.75 ,6.75 ,7 ,7 ,6.25
01041147 ,5.75 ,5 ,8.75 ,5.25 ,6.25 ,6.5 ,5.5 ,7.75 ,7.5
01046840 ,5.75 ,4.75 ,9 ,6.6 ,4.5 ,7 ,6.5 ,6.25 ,8.25
11001605 ,6.5 ,4.75 ,7.25 ,7.75 ,6.75 ,5.5 ,7 ,7.5 ,5
11001816 ,6.75 ,4.5 ,5.25 ,6.25 ,6.5 ,6.5 ,7.75 ,8.25 ,6.25
12001651 ,5.4 ,7.5 ,6.6 ,4.5 ,7 ,7 ,6.25 ,5 ,6.25
12011114 ,6.75 ,4 ,7.75 ,6.75 ,5.5 ,7.75 ,7.5 ,6.25 ,7.5
62002704 ,7.25 ,5 ,6.25 ,6.5 ,6.5 ,6.25 ,8.25 ,6.25 ,4.5
62003057 ,5.5 ,6.5 ,4.5 ,7 ,7 ,7.5 ,5 ,7.5 ,6.75
11000036 ,5 ,4.5 ,6.75 ,5.5 ,7.75 ,8.25 ,6.25 ,4.5 ,5.75
11002053 ,5.25 ,4.5 ,6.5 ,6.5 ,6.25 ,5 ,6.25 ,6.75 ,5.25
12001219 ,7.25 ,5 ,7 ,7 ,7.5 ,6.25 ,7.5 ,5.75 ,7
12005192 ,6 ,6.75 ,5.5 ,7.75 ,8.25 ,6.25 ,4.5 ,5.25 ,7.75
12008154 ,7.75 ,4 ,6.5 ,6.25 ,5 ,7.5 ,6.75 ,7 ,6.5
12008367 ,6.75 ,4.5 ,7 ,7.5 ,6.25 ,4.5 ,5.75 ,7.75 ,7.25
12010188 ,5.5 ,5 ,7.75 ,8.25 ,6.25 ,6.75 ,5.25 ,6.5 ,6.75
12012413 ,5.5 ,4.5 ,6.25 ,5 ,7.5 ,5.75 ,7 ,7.25 ,6.75
15002142 ,5 ,6.75 ,7.5 ,6.25 ,4.5 ,5.25 ,7.75 ,6.75 ,6.75
18013469 ,4.75 ,5.75 ,8.25 ,6.25 ,6.75 ,7 ,6.5 ,6.75 ,6.25
21004433 ,6.8 ,7 ,5 ,7.5 ,5.75 ,7.75 ,7.25 ,6.75 ,5.25
01027348 ,7.75 ,5 ,6.25 ,4.5 ,5.25 ,6.5 ,6.75 ,6.25 ,6.75
01037008 ,3.75 ,6 ,6.25 ,6.75 ,7 ,7.25 ,6.75 ,5.25 ,7
03013040 ,6.5 ,5 ,7.5 ,5.75 ,7.75 ,6.75 ,6.75 ,6.75 ,6
06000028 ,5 ,6.5 ,4.5 ,5.25 ,6.5 ,6.75 ,6.25 ,7 ,4.5
06001336 ,4 ,5.25 ,6.75 ,7 ,7.25 ,6.75 ,5.25 ,6 ,6
10000896 ,6.25 ,4 ,5.75 ,7.75 ,6.75 ,6.25 ,6.75 ,4.5 ,5.5
12001735 ,6.75 ,6 ,5.25 ,6.5 ,6.75 ,5.25 ,7 ,6 ,7.5
12003284 ,7.25 ,4.25 ,7 ,7.25 ,6.75 ,6.75 ,6 ,5.5 ,7
12006961 ,5.25 ,6 ,7.75 ,6.75 ,6.25 ,7 ,4.5 ,7.5 ,6.25
12007307 ,7 ,5.5 ,6.5 ,6.75 ,5.25 ,6 ,6 ,7 ,7.25
12010141 ,5.5 ,5.75 ,7.25 ,6.75 ,6.75 ,4.5 ,5.5 ,6.25 ,3.4
12010280 ,6.5 ,5.25 ,6.75 ,6.25 ,7 ,6 ,7.5 ,7.25 ,7.5
12010526 ,7.25 ,4 ,6.75 ,5.25 ,6 ,5.5 ,7 ,3.4 ,6.75
27007509 ,6.5 ,4.75 ,6.75 ,6.75 ,4.5 ,7.5 ,6.25 ,7.5 ,7.25
01040408 ,7 ,2.5 ,6.25 ,7 ,6 ,7 ,7.25 ,6.75 ,6
01040905 ,6 ,4.5 ,5.25 ,6 ,5.5 ,6.25 ,3.4 ,7.25 ,6.25
06001066 ,4.75 ,4.25 ,6.75 ,4.5 ,7.5 ,7.25 ,7.5 ,6 ,5
07001183 ,4.5 ,4.25 ,7 ,6 ,7 ,3.4 ,6.75 ,6.25 ,4.75
09004744 ,6.4 ,5.25 ,6 ,5.5 ,6.25 ,7.5 ,7.25 ,5 ,6
11001787 ,8.5 ,4.75 ,4.5 ,7.5 ,7.25 ,6.75 ,6 ,4.75 ,7
12005037 ,6.25 ,6.5 ,6 ,7 ,3.4 ,7.25 ,6.25 ,6 ,6.25
12005598 ,6 ,6.25 ,5.5 ,6.25 ,7.5 ,6 ,5 ,7 ,6
12007425 ,5.5 ,5.75 ,7.5 ,7.25 ,6.75 ,6.25 ,4.75 ,6.25 ,6.5
12008114 ,6.5 ,4.25 ,7 ,3.4 ,7.25 ,5 ,6 ,6 ,6.25
12009200 ,5 ,4.5 ,6.25 ,7.5 ,6 ,4.75 ,7 ,6.5 ,7
12009300 ,6.75 ,3.75 ,7.25 ,6.75 ,6.25 ,6 ,6.25 ,6.25 ,5
12010758 ,7 ,5.25 ,3.4 ,7.25 ,5 ,7 ,6 ,7 ,5.5
12011516 ,7.25 ,3 ,7.5 ,6 ,4.75 ,6.25 ,6.5 ,5 ,5
24004483 ,5.75 ,5.75 ,6.75 ,6.25 ,6 ,6 ,6.25 ,5.5 ,6.25
62002694 ,4 ,6.5 ,7.25 ,5 ,7 ,6.5 ,7 ,5 ,6.75
05001774 ,5.75 ,3.75 ,6 ,4.75 ,6.25 ,6.25 ,5 ,6.25 ,5.5
10008589 ,5.2 ,4 ,6.25 ,6 ,6 ,7 ,5.5 ,6.75 ,6.5
12000337 ,4.2 ,6.25 ,5 ,7 ,6.5 ,5 ,5 ,5.5 ,7
12002554 ,5.5 ,5.25 ,4.75 ,6.25 ,6.25 ,5.5 ,6.25 ,6.5 ,5.75
12004913 ,6.5 ,5 ,6 ,6 ,7 ,5 ,6.75 ,7 ,6.25
12005676 ,5 ,5.5 ,7 ,6.5 ,5 ,6.25 ,5.5 ,5.75 ,5.5
12008419 ,6.25 ,6 ,6.25 ,6.25 ,5.5 ,6.75 ,6.5 ,6.25 ,6
12010885 ,5.25 ,4.25 ,6 ,7 ,5 ,5.5 ,7 ,5.5 ,5
17004891 ,5.5 ,5.5 ,6.5 ,5 ,6.25 ,6.5 ,5.75 ,6 ,7
29020179 ,5.5 ,5.75 ,6.25 ,5.5 ,6.75 ,7 ,6.25 ,5 ,6
62001733 ,6 ,4.5 ,7 ,5 ,5.5 ,5.75 ,5.5 ,7 ,6
06003352 ,6 ,4.25 ,5 ,6.25 ,6.5 ,6.25 ,6 ,6 ,7.25
09001620 ,6.4 ,5.25 ,5.5 ,6.75 ,7 ,5.5 ,5 ,6 ,7.5
11001721 ,6.75 ,3.5 ,5 ,5.5 ,5.75 ,6 ,7 ,7.25 ,7
12002906 ,6 ,5 ,6.25 ,6.5 ,6.25 ,5 ,6 ,7.5 ,6.5
12004192 ,6.5 ,4 ,6.75 ,7 ,5.5 ,7 ,6 ,7 ,7.75
12008091 ,8.25 ,3.5 ,5.5 ,5.75 ,6 ,6 ,7.25 ,6.5 ,5.5
12009180 ,5.25 ,3.5 ,6.5 ,6.25 ,5 ,6 ,7.5 ,7.75 ,6.5
13001444 ,5.5 ,4.75 ,7 ,5.5 ,7 ,7.25 ,7 ,5.5 ,5.25
26003808 ,6 ,6 ,5.75 ,6 ,6 ,7.5 ,6.5 ,6.5 ,5
36001188 ,6 ,5 ,6.25 ,5 ,6 ,7 ,7.75 ,5.25 ,6.25
06001044 ,5.75 ,3.75 ,5.5 ,7 ,7.25 ,6.5 ,5.5 ,5 ,5
06002005 ,4.5 ,4.5 ,6 ,6 ,7.5 ,7.75 ,6.5 ,6.25 ,6.25
11000145 ,7 ,3 ,5 ,6 ,7 ,5.5 ,5.25 ,5 ,5.75
11000271 ,6 ,4 ,7 ,7.25 ,6.5 ,6.5 ,5 ,6.25 ,5
12002352 ,5.75 ,5.25 ,6 ,7.5 ,7.75 ,5.25 ,6.25 ,5.75 ,5.2
12005608 ,4 ,7 ,6 ,7 ,5.5 ,5 ,5 ,5 ,4
12006867 ,5.5 ,5.25 ,7.25 ,6.5 ,6.5 ,6.25 ,6.25 ,5.2 ,6.25
12008039 ,6.5 ,3 ,7.5 ,7.75 ,5.25 ,5 ,5.75 ,4 ,6
12010069 ,5 ,3 ,7 ,5.5 ,5 ,6.25 ,5 ,6.25 ,5.5
12010748 ,5.75 ,4.75 ,6.5 ,6.5 ,6.25 ,5.75 ,5.2 ,6 ,5.75
12012635 ,4.25 ,5 ,7.75 ,5.25 ,5 ,5 ,4 ,5.5 ,5
33003101 ,6.5 ,6 ,5.5 ,5 ,6.25 ,5.2 ,6.25 ,5.75 ,7.25
11001718 ,5.5 ,4.75 ,6.5 ,6.25 ,5.75 ,4 ,6 ,5 ,6.25
12002550 ,6 ,3.5 ,5.25 ,5 ,5 ,6.25 ,5.5 ,7.25 ,5
12002555 ,6 ,3.75 ,5 ,6.25 ,5.2 ,6 ,5.75 ,6.25 ,6.75
12003151 ,6.25 ,4.75 ,6.25 ,5.75 ,4 ,5.5 ,5 ,5 ,7.5
12004248 ,5.2 ,6.5 ,5 ,5 ,6.25 ,5.75 ,7.25 ,6.75 ,6
12004957 ,6.5 ,5 ,6.25 ,5.2 ,6 ,5 ,6.25 ,7.5 ,5.75
12005407 ,5.75 ,5.25 ,5.75 ,4 ,5.5 ,7.25 ,5 ,6 ,5.25
12007111 ,8.5 ,3.25 ,5 ,6.25 ,5.75 ,6.25 ,6.75 ,5.75 ,6
14008812 ,3 ,6.5 ,5.2 ,6 ,5 ,5 ,7.5 ,5.25 ,6.8
01037601 ,5.25 ,5.25 ,4 ,5.5 ,7.25 ,6.75 ,6 ,6 ,3
11002077 ,5.25 ,3 ,6.25 ,5.75 ,6.25 ,7.5 ,5.75 ,6.8 ,4.2
12000339 ,6.5 ,5 ,6 ,5 ,5 ,6 ,5.25 ,3 ,4
12006898 ,6 ,6 ,5.5 ,7.25 ,6.75 ,5.75 ,6 ,4.2 ,4.25
12009397 ,5 ,3.75 ,5.75 ,6.25 ,7.5 ,5.25 ,6.8 ,4 ,6
12010762 ,5 ,6.5 ,5 ,5 ,6 ,6 ,3 ,4.25 ,6.5
12010937 ,5.5 ,3.75 ,7.25 ,6.75 ,5.75 ,6.8 ,4.2 ,6 ,4.6
15008046 ,6.25 ,4 ,6.25 ,7.5 ,5.25 ,3 ,4 ,6.5 ,5.25
18008769 ,5.6 ,6 ,5 ,6 ,6 ,4.2 ,4.25 ,4.6 ,5.75
21012651 ,6.5 ,2.25 ,6.75 ,5.75 ,6.8 ,4 ,6 ,5.25 ,6.75
01032848 ,6.25 ,3.5 ,7.5 ,5.25 ,3 ,4.25 ,6.5 ,5.75 ,6.25
06002200 ,3 ,5.25 ,6 ,6 ,4.2 ,6 ,4.6 ,6.75 ,7.25
12001598 ,7 ,4.5 ,5.75 ,6.8 ,4 ,6.5 ,5.25 ,6.25 ,6.75
12007332 ,8.25 ,3.75 ,5.25 ,3 ,4.25 ,4.6 ,5.75 ,7.25 ,6
12007711 ,6.75 ,3.5 ,6 ,4.2 ,6 ,5.25 ,6.75 ,6.75 ,7
12011913 ,5.5 ,5 ,6.8 ,4 ,6.5 ,5.75 ,6.25 ,6 ,5.75
13000902 ,4.2 ,7 ,3 ,4.25 ,4.6 ,6.75 ,7.25 ,7 ,5.75
13002578 ,4.6 ,5.5 ,4.2 ,6 ,5.25 ,6.25 ,6.75 ,5.75 ,7.5
18003538 ,5.8 ,6.5 ,4 ,6.5 ,5.75 ,7.25 ,6 ,5.75 ,7.5
62004426 ,5.5 ,4.5 ,4.25 ,4.6 ,6.75 ,6.75 ,7 ,7.5 ,6.25
07000456 ,3.5 ,4.5 ,6 ,5.25 ,6.25 ,6 ,5.75 ,7.5 ,7
12000693 ,5.25 ,4.25 ,6.5 ,5.75 ,7.25 ,7 ,5.75 ,6.25 ,6
12001523 ,5.2 ,7.25 ,4.6 ,6.75 ,6.75 ,5.75 ,7.5 ,7 ,4.4
12002684 ,5.75 ,3 ,5.25 ,6.25 ,6 ,5.75 ,7.5 ,6 ,5.5
12007305 ,7.2 ,4 ,5.75 ,7.25 ,7 ,7.5 ,6.25 ,4.4 ,7
12007906 ,5.25 ,4 ,6.75 ,6.75 ,5.75 ,7.5 ,7 ,5.5 ,7
12010420 ,5 ,5.25 ,6.25 ,6 ,5.75 ,6.25 ,6 ,7 ,6.5
12011743 ,5 ,4.75 ,7.25 ,7 ,7.5 ,7 ,4.4 ,7 ,4.75
12012236 ,3.5 ,3.75 ,6.75 ,5.75 ,7.5 ,6 ,5.5 ,6.5 ,7
13003693 ,5.25 ,2.75 ,6 ,5.75 ,6.25 ,4.4 ,7 ,4.75 ,6.75
14002340 ,4 ,3 ,7 ,7.5 ,7 ,5.5 ,7 ,7 ,2.2
14006958 ,4.5 ,3.75 ,5.75 ,7.5 ,6 ,7 ,6.5 ,6.75 ,4.75
15002105 ,5.25 ,6 ,5.75 ,6.25 ,4.4 ,7 ,4.75 ,2.2 ,5.75
17004005 ,3.25 ,6.25 ,7.5 ,7 ,5.5 ,6.5 ,7 ,4.75 ,4.75
18009879 ,5.5 ,3 ,7.5 ,6 ,7 ,4.75 ,6.75 ,5.75 ,5.75
01058417 ,6 ,4.5 ,6.25 ,4.4 ,7 ,7 ,2.2 ,4.75 ,6.25
10005287 ,4.75 ,2 ,7 ,5.5 ,6.5 ,6.75 ,4.75 ,5.75 ,6.75
12005038 ,6.5 ,4.25 ,6 ,7 ,4.75 ,2.2 ,5.75 ,6.25 ,6
12006866 ,4.2 ,7.25 ,4.4 ,7 ,7 ,4.75 ,4.75 ,6.75 ,6.75
12008207 ,7.25 ,4 ,5.5 ,6.5 ,6.75 ,5.75 ,5.75 ,6 ,6.25
12008453 ,5.5 ,4.25 ,7 ,4.75 ,2.2 ,4.75 ,6.25 ,6.75 ,5.75
14008365 ,4.75 ,4 ,7 ,7 ,4.75 ,5.75 ,6.75 ,6.25 ,4.5
15002941 ,5 ,5.25 ,6.5 ,6.75 ,5.75 ,6.25 ,6 ,5.75 ,5
18001132 ,6.2 ,4.75 ,4.75 ,2.2 ,4.75 ,6.75 ,6.75 ,4.5 ,6.25
18013443 ,5 ,4.25 ,7 ,4.75 ,5.75 ,6 ,6.25 ,5 ,5.75
23001275 ,5 ,4 ,6.75 ,5.75 ,6.25 ,6.75 ,5.75 ,6.25 ,6.5
27002258 ,5.6 ,8 ,2.2 ,4.75 ,6.75 ,6.25 ,4.5 ,5.75 ,5.25
06001063 ,4.75 ,4 ,4.75 ,5.75 ,6 ,5.75 ,5 ,6.5 ,6
06002652 ,4 ,3.75 ,5.75 ,6.25 ,6.75 ,4.5 ,6.25 ,5.25 ,5.75
12002428 ,6.5 ,4.25 ,4.75 ,6.75 ,6.25 ,5 ,5.75 ,6 ,2.4
12002665 ,5.75 ,4 ,5.75 ,6 ,5.75 ,6.25 ,6.5 ,5.75 ,3.2
12006540 ,7 ,3.25 ,6.25 ,6.75 ,4.5 ,5.75 ,5.25 ,2.4 ,4.5
12010485 ,6.5 ,2.75 ,6.75 ,6.25 ,5 ,6.5 ,6 ,3.2 ,6.75
18017050 ,6 ,4.5 ,6 ,5.75 ,6.25 ,5.25 ,5.75 ,4.5 ,5.5
26009963 ,5.5 ,3.75 ,6.75 ,4.5 ,5.75 ,6 ,2.4 ,6.75 ,5.75
01047229 ,5.75 ,4.25 ,6.25 ,5 ,6.5 ,5.75 ,3.2 ,5.5 ,7
06000833 ,5 ,2.5 ,5.75 ,6.25 ,5.25 ,2.4 ,4.5 ,5.75 ,6
09001100 ,4.5 ,4.25 ,4.5 ,5.75 ,6 ,3.2 ,6.75 ,7 ,5.25
09005715 ,6.5 ,3.75 ,5 ,6.5 ,5.75 ,4.5 ,5.5 ,6 ,5.75
11002390 ,5.2 ,3.75 ,6.25 ,5.25 ,2.4 ,6.75 ,5.75 ,5.25 ,6.25
12004486 ,3.5 ,4 ,5.75 ,6 ,3.2 ,5.5 ,7 ,5.75 ,5.5
12005132 ,6.5 ,3.25 ,6.5 ,5.75 ,4.5 ,5.75 ,6 ,6.25 ,6
12005497 ,6 ,4 ,5.25 ,2.4 ,6.75 ,7 ,5.25 ,5.5 ,2.4
12008243 ,6 ,4.25 ,6 ,3.2 ,5.5 ,6 ,5.75 ,6 ,6.25
12011041 ,5.25 ,4.25 ,5.75 ,4.5 ,5.75 ,5.25 ,6.25 ,2.4 ,5
12012521 ,5.75 ,5 ,2.4 ,6.75 ,7 ,5.75 ,5.5 ,6.25 ,5.25
05005431 ,3.8 ,6 ,3.2 ,5.5 ,6 ,6.25 ,6 ,5 ,4.25
12006851 ,6.4 ,5 ,4.5 ,5.75 ,5.25 ,5.5 ,2.4 ,5.25 ,6
12009070 ,6 ,3.25 ,6.75 ,7 ,5.75 ,6 ,6.25 ,4.25 ,4.5
14008215 ,3.5 ,4 ,5.5 ,6 ,6.25 ,2.4 ,5 ,6 ,5.5
18013234 ,3.5 ,6.25 ,5.75 ,5.25 ,5.5 ,6.25 ,5.25 ,4.5 ,5.5
62000734 ,4.75 ,3.25 ,7 ,5.75 ,6 ,5 ,4.25 ,5.5 ,6
06001086 ,3 ,3.75 ,6 ,6.25 ,2.4 ,5.25 ,6 ,5.5 ,5.5
11001854 ,4.75 ,2.75 ,5.25 ,5.5 ,6.25 ,4.25 ,4.5 ,6 ,5.5
12004849 ,5.25 ,4.75 ,5.75 ,6 ,5 ,6 ,5.5 ,5.5 ,6
12006317 ,5.5 ,4 ,6.25 ,2.4 ,5.25 ,4.5 ,5.5 ,5.5 ,4.25
12006993 ,6.25 ,4 ,5.5 ,6.25 ,4.25 ,5.5 ,6 ,6 ,5.25
12008194 ,5.25 ,4.5 ,6 ,5 ,6 ,5.5 ,5.5 ,4.25 ,5
12009271 ,7.75 ,4.5 ,2.4 ,5.25 ,4.5 ,6 ,5.5 ,5.25 ,4.75
14002267 ,5.75 ,2.75 ,6.25 ,4.25 ,5.5 ,5.5 ,6 ,5 ,3
14008230 ,3.5 ,4.25 ,5 ,6 ,5.5 ,5.5 ,4.25 ,4.75 ,2.8
15000425 ,6 ,4.5 ,5.25 ,4.5 ,6 ,6 ,5.25 ,3 ,6.25
22007388 ,5 ,6 ,4.25 ,5.5 ,5.5 ,4.25 ,5 ,2.8 ,6.5
62004458 ,3.75 ,3 ,6 ,5.5 ,5.5 ,5.25 ,4.75 ,6.25 ,6.5
08004151 ,4.6 ,3.5 ,4.5 ,6 ,6 ,5 ,3 ,6.5 ,5.75
12000612 ,4.5 ,2.5 ,5.5 ,5.5 ,4.25 ,4.75 ,2.8 ,6.5 ,6.5
12002259 ,5 ,5 ,5.5 ,5.5 ,5.25 ,3 ,6.25 ,5.75 ,5.75
12005235 ,5.75 ,2.75 ,6 ,6 ,5 ,2.8 ,6.5 ,6.5 ,6
12005519 ,5 ,4 ,5.5 ,4.25 ,4.75 ,6.25 ,6.5 ,5.75 ,5
12008460 ,5.5 ,4.5 ,5.5 ,5.25 ,3 ,6.5 ,5.75 ,6 ,7
12009243 ,5.5 ,3 ,6 ,5 ,2.8 ,6.5 ,6.5 ,5 ,5
14002489 ,5 ,3.25 ,4.25 ,4.75 ,6.25 ,5.75 ,5.75 ,7 ,6.5
24004600 ,6 ,3.75 ,5.25 ,3 ,6.5 ,6.5 ,6 ,5 ,5.75
01050709 ,5 ,5.25 ,5 ,2.8 ,6.5 ,5.75 ,5 ,6.5 ,6.5
06004549 ,4.5 ,3 ,4.75 ,6.25 ,5.75 ,6 ,7 ,5.75 ,5
11000316 ,2.8 ,6.5 ,3 ,6.5 ,6.5 ,5 ,5 ,6.5 ,6.25
12002784 ,5.8 ,5.75 ,2.8 ,6.5 ,5.75 ,7 ,6.5 ,5 ,4.5
12002882 ,5 ,3 ,6.25 ,5.75 ,6 ,5 ,5.75 ,6.25 ,5.25
12008556 ,4.5 ,4.25 ,6.5 ,6.5 ,5 ,6.5 ,6.5 ,4.5 ,8.8
15009844 ,5 ,2.75 ,6.5 ,5.75 ,7 ,5.75 ,5 ,5.25 ,6
62000115 ,5 ,3.5 ,5.75 ,6 ,5 ,6.5 ,6.25 ,8.8 ,8.75
01053150 ,5.25 ,3.25 ,6.5 ,5 ,6.5 ,5 ,4.5 ,6 ,7.25
06002712 ,2.5 ,3.75 ,5.75 ,7 ,5.75 ,6.25 ,5.25 ,8.75 ,9
08003451 ,4.5 ,3.5 ,6 ,5 ,6.5 ,4.5 ,8.8 ,7.25 ,8.5
11001914 ,4.75 ,2.25 ,5 ,6.5 ,5 ,5.25 ,6 ,9 ,7.25
12001229 ,4 ,4 ,7 ,5.75 ,6.25 ,8.8 ,8.75 ,8.5 ,7.25
12002314 ,6 ,3 ,5 ,6.5 ,4.5 ,6 ,7.25 ,7.25 ,7.75
12006855 ,5.5 ,3 ,6.5 ,5 ,5.25 ,8.75 ,9 ,7.25 ,6.2
12009878 ,5.75 ,3.5 ,5.75 ,6.25 ,8.8 ,7.25 ,8.5 ,7.75 ,5.2
12009930 ,6 ,2.5 ,6.5 ,4.5 ,6 ,9 ,7.25 ,6.2 ,6.5
12011055 ,5 ,4 ,5 ,5.25 ,8.75 ,8.5 ,7.25 ,5.2 ,7.5
12011240 ,4.5 ,3.25 ,6.25 ,8.8 ,7.25 ,7.25 ,7.75 ,6.5 ,9
12012667 ,5.75 ,3.75 ,4.5 ,6 ,9 ,7.25 ,6.2 ,7.5 ,6.75
23005322 ,4.5 ,2.25 ,5.25 ,8.75 ,8.5 ,7.75 ,5.2 ,9 ,6.25
01036210 ,6 ,8 ,8.8 ,7.25 ,7.25 ,6.2 ,6.5 ,6.75 ,7.25
12004388 ,8 ,8.5 ,6 ,9 ,7.25 ,5.2 ,7.5 ,6.25 ,7.25
12000597 ,5.8 ,7.5 ,8.75 ,8.5 ,7.75 ,6.5 ,9 ,7.25 ,8.25
12008149 ,5.8 ,8 ,7.25 ,7.25 ,6.2 ,7.5 ,6.75 ,7.25 ,4.4
12001841 ,7 ,7.75 ,9 ,7.25 ,5.2 ,9 ,6.25 ,8.25 ,7.25
12002659 ,6.4 ,7.25 ,8.5 ,7.75 ,6.5 ,6.75 ,7.25 ,4.4 ,7.25
08000817 ,5.6 ,7.25 ,7.25 ,6.2 ,7.5 ,6.25 ,7.25 ,7.25 ,7.25
12004254 ,5.2 ,7.5 ,7.25 ,5.2 ,9 ,7.25 ,8.25 ,7.25 ,8
11001933 ,4 ,7 ,7.75 ,6.5 ,6.75 ,7.25 ,4.4 ,7.25 ,6.5
10006186 ,4 ,8.25 ,6.2 ,7.5 ,6.25 ,8.25 ,7.25 ,8 ,5.6
11002394 ,5.2 ,8 ,5.2 ,9 ,7.25 ,4.4 ,7.25 ,6.5 ,7.25
12000958 ,7 ,5 ,6.5 ,6.75 ,7.25 ,7.25 ,7.25 ,5.6 ,7.75
01039308 ,6 ,7.5 ,7.5 ,6.25 ,8.25 ,7.25 ,8 ,7.25 ,7.75
08005325 ,4.6 ,6.5 ,9 ,7.25 ,4.4 ,7.25 ,6.5 ,7.75 ,9.25
16004021 ,7 ,6.75 ,6.75 ,7.25 ,7.25 ,8 ,5.6 ,7.75 ,7.25
12001550 ,7.6 ,7 ,6.25 ,8.25 ,7.25 ,6.5 ,7.25 ,9.25 ,6.75
12002349 ,5 ,7.5 ,7.25 ,4.4 ,7.25 ,5.6 ,7.75 ,7.25 ,6.5
12002372 ,4.4 ,6 ,7.25 ,7.25 ,8 ,7.25 ,7.75 ,6.75 ,8
12002571 ,3.8 ,7.75 ,8.25 ,7.25 ,6.5 ,7.75 ,9.25 ,6.5 ,5.4
12009591 ,5.4 ,8 ,4.4 ,7.25 ,5.6 ,7.75 ,7.25 ,8 ,5.75
12012550 ,4.4 ,6 ,7.25 ,8 ,7.25 ,9.25 ,6.75 ,5.4 ,8.5
12012631 ,6 ,6.5 ,7.25 ,6.5 ,7.75 ,7.25 ,6.5 ,5.75 ,7.25
12012670 ,4.6 ,6 ,7.25 ,5.6 ,7.75 ,6.75 ,8 ,8.5 ,7.5
21003451 ,4.8 ,7.5 ,8 ,7.25 ,9.25 ,6.5 ,5.4 ,7.25 ,6.25
12008018 ,5.8 ,7.25 ,6.5 ,7.75 ,7.25 ,8 ,5.75 ,7.5 ,7.25
15010291 ,5.6 ,6.25 ,5.6 ,7.75 ,6.75 ,5.4 ,8.5 ,6.25 ,6.75
12002357 ,4.6 ,5.5 ,7.25 ,9.25 ,6.5 ,5.75 ,7.25 ,7.25 ,2.4
12009619 ,5.6 ,6 ,7.75 ,7.25 ,8 ,8.5 ,7.5 ,6.75 ,6.2
29005886 ,6.6 ,5.5 ,7.75 ,6.75 ,5.4 ,7.25 ,6.25 ,2.4 ,7.5
01053545 ,4.2 ,6.25 ,9.25 ,6.5 ,5.75 ,7.5 ,7.25 ,6.2 ,4.75
12000862 ,4.6 ,5 ,7.25 ,8 ,8.5 ,6.25 ,6.75 ,7.5 ,7
12012624 ,5.2 ,6.75 ,6.75 ,5.4 ,7.25 ,7.25 ,2.4 ,4.75 ,5.5
30001639 ,5.4 ,6.75 ,6.5 ,5.75 ,7.5 ,6.75 ,6.2 ,7 ,5.25
01040629 ,5.4 ,6 ,8 ,8.5 ,6.25 ,2.4 ,7.5 ,5.5 ,8
12004183 ,4.8 ,8.25 ,5.4 ,7.25 ,7.25 ,6.2 ,4.75 ,5.25 ,8.25
12005691 ,7.2 ,5.5 ,5.75 ,7.5 ,6.75 ,7.5 ,7 ,8 ,4.75
12012546 ,3.2 ,4.75 ,8.5 ,6.25 ,2.4 ,4.75 ,5.5 ,8.25 ,4.4
21012728 ,6.2 ,6 ,7.25 ,7.25 ,6.2 ,7 ,5.25 ,4.75 ,7.75
12011086 ,5.2 ,5.5 ,7.5 ,6.75 ,7.5 ,5.5 ,8 ,4.4 ,6.25
12012873 ,4.2 ,5.75 ,6.25 ,2.4 ,4.75 ,5.25 ,8.25 ,7.75 ,6.75
01045089 ,4.4 ,7.25 ,7.25 ,6.2 ,7 ,8 ,4.75 ,6.25 ,4
12010198 ,5.8 ,6 ,6.75 ,7.5 ,5.5 ,8.25 ,4.4 ,6.75 ,5.5
18006356 ,7.6 ,8 ,2.4 ,4.75 ,5.25 ,4.75 ,7.75 ,4 ,3.8
01036943 ,5.4 ,7.25 ,6.2 ,7 ,8 ,4.4 ,6.25 ,5.5 ,6.75
05004093 ,3.4 ,4.75 ,7.5 ,5.5 ,8.25 ,7.75 ,6.75 ,3.8 ,7.25
12000442 ,5.8 ,5.25 ,4.75 ,5.25 ,4.75 ,6.25 ,4 ,6.75 ,6.5
12002246 ,4.8 ,6 ,7 ,8 ,4.4 ,6.75 ,5.5 ,7.25 ,5
15006006 ,4.6 ,7.75 ,5.5 ,8.25 ,7.75 ,4 ,3.8 ,6.5 ,8.2
18011470 ,7 ,5.5 ,5.25 ,4.75 ,6.25 ,5.5 ,6.75 ,5 ,6
28003405 ,2.8 ,6 ,8 ,4.4 ,6.75 ,3.8 ,7.25 ,8.2 ,6.2
17007873 ,5 ,5.25 ,8.25 ,7.75 ,4 ,6.75 ,6.5 ,6 ,7
19006746 ,6.6 ,6.75 ,4.75 ,6.25 ,5.5 ,7.25 ,5 ,6.2 ,5.25
12004157 ,5.6 ,7.25 ,4.4 ,6.75 ,3.8 ,6.5 ,8.2 ,7 ,7.75
12011642 ,3.6 ,7 ,7.75 ,4 ,6.75 ,5 ,6 ,5.25 ,8
29001335 ,4.6 ,7 ,6.25 ,5.5 ,7.25 ,8.2 ,6.2 ,7.75 ,6.25
03008314 ,4.4 ,5.75 ,6.75 ,3.8 ,6.5 ,6 ,7 ,8 ,6.4
05001521 ,5.2 ,7.75 ,4 ,6.75 ,5 ,6.2 ,5.25 ,6.25 ,4.6
08004969 ,4.8 ,4.75 ,5.5 ,7.25 ,8.2 ,7 ,7.75 ,6.4 ,4.8
12005030 ,6.6 ,7.5 ,3.8 ,6.5 ,6 ,5.25 ,8 ,4.6 ,5.75
12010482 ,2.8 ,7 ,6.75 ,5 ,6.2 ,7.75 ,6.25 ,4.8 ,6.75
12011698 ,4.6 ,6.25 ,7.25 ,8.2 ,7 ,8 ,6.4 ,5.75 ,7.25
21012981 ,5.4 ,6 ,6.5 ,6 ,5.25 ,6.25 ,4.6 ,6.75 ,6.75
01017842 ,6.2 ,7 ,5 ,6.2 ,7.75 ,6.4 ,4.8 ,7.25 ,6.8
01033251 ,4.4 ,5.75 ,8.2 ,7 ,8 ,4.6 ,5.75 ,6.75 ,7.5
12010468 ,4.8 ,6.5 ,6 ,5.25 ,6.25 ,4.8 ,6.75 ,6.8 ,4
17002705 ,4.6 ,6 ,6.2 ,7.75 ,6.4 ,5.75 ,7.25 ,7.5 ,6.75
26001769 ,6.2 ,4.5 ,7 ,8 ,4.6 ,6.75 ,6.75 ,4 ,5.75
10002660 ,2.4 ,6.75 ,5.25 ,6.25 ,4.8 ,7.25 ,6.8 ,6.75 ,2
12006260 ,4.2 ,5.5 ,7.75 ,6.4 ,5.75 ,6.75 ,7.5 ,5.75 ,6.25
12007516 ,3.4 ,5 ,8 ,4.6 ,6.75 ,6.8 ,4 ,2 ,6
12011043 ,3.2 ,7 ,6.25 ,4.8 ,7.25 ,7.5 ,6.75 ,6.25 ,6.25
17000446 ,5.2 ,6 ,6.4 ,5.75 ,6.75 ,4 ,5.75 ,6 ,5
21006180 ,6 ,6.5 ,4.6 ,6.75 ,6.8 ,6.75 ,2 ,6.25 ,6
23000725 ,4.8 ,7 ,4.8 ,7.25 ,7.5 ,5.75 ,6.25 ,5 ,6.75
12005358 ,3.8 ,6.75 ,5.75 ,6.75 ,4 ,2 ,6 ,6 ,6.5
12006166 ,3.2 ,7.25 ,6.75 ,6.8 ,6.75 ,6.25 ,6.25 ,6.75 ,6.25
12007276 ,3.4 ,5.5 ,7.25 ,7.5 ,5.75 ,6 ,5 ,6.5 ,8.5
15002483 ,3.4 ,7 ,6.75 ,4 ,2 ,6.25 ,6 ,6.25 ,5.25
17002669 ,4.2 ,5.25 ,6.8 ,6.75 ,6.25 ,5 ,6.75 ,8.5 ,6
28003447 ,4 ,5.75 ,7.5 ,5.75 ,6 ,6 ,6.5 ,5.25 ,4.75
63002872 ,6.6 ,5.75 ,4 ,2 ,6.25 ,6.75 ,6.25 ,6 ,6.25
01018964 ,5.2 ,5.5 ,6.75 ,6.25 ,5 ,6.5 ,8.5 ,4.75 ,5.5
03017765 ,5.8 ,5.5 ,5.75 ,6 ,6 ,6.25 ,5.25 ,6.25 ,6.25
12001393 ,7.2 ,7.75 ,2 ,6.25 ,6.75 ,8.5 ,6 ,5.5 ,6.5
12006491 ,3.2 ,7.5 ,6.25 ,5 ,6.5 ,5.25 ,4.75 ,6.25 ,3.8
12010824 ,3.4 ,4.5 ,6 ,6 ,6.25 ,6 ,6.25 ,6.5 ,6
48003231 ,5.4 ,5.25 ,6.25 ,6.75 ,8.5 ,4.75 ,5.5 ,3.8 ,3
01030127 ,5.2 ,6.5 ,5 ,6.5 ,5.25 ,6.25 ,6.25 ,6 ,6.25
01031402 ,4.8 ,6 ,6 ,6.25 ,6 ,5.5 ,6.5 ,3 ,5.5
12002574 ,3 ,4 ,6.75 ,8.5 ,4.75 ,6.25 ,3.8 ,6.25 ,5
12004508 ,3.2 ,4 ,6.5 ,5.25 ,6.25 ,6.5 ,6 ,5.5 ,5.75
12004814 ,4 ,6.5 ,6.25 ,6 ,5.5 ,3.8 ,3 ,5 ,5.25
12009943 ,3.2 ,5 ,8.5 ,4.75 ,6.25 ,6 ,6.25 ,5.75 ,6
12011998 ,5 ,6.5 ,5.25 ,6.25 ,6.5 ,3 ,5.5 ,5.25 ,5.25
26003014 ,6 ,4.25 ,6 ,5.5 ,3.8 ,6.25 ,5 ,6 ,4.2
10005650 ,5 ,5.75 ,4.75 ,6.25 ,6 ,5.5 ,5.75 ,5.25 ,5
12005961 ,4.6 ,5.75 ,6.25 ,6.5 ,3 ,5 ,5.25 ,4.2 ,7.25
14008466 ,5.4 ,4.5 ,5.5 ,3.8 ,6.25 ,5.75 ,6 ,5 ,4.75
17006810 ,4.6 ,5.75 ,6.25 ,6 ,5.5 ,5.25 ,5.25 ,7.25 ,3.75
29016373 ,4 ,5.5 ,6.5 ,3 ,5 ,6 ,4.2 ,4.75 ,5.75
01017379 ,6.4 ,6.5 ,3.8 ,6.25 ,5.75 ,5.25 ,5 ,3.75 ,6
01030235 ,4 ,6.25 ,6 ,5.5 ,5.25 ,4.2 ,7.25 ,5.75 ,6.5
01047581 ,6.2 ,7 ,3 ,5 ,6 ,5 ,4.75 ,6 ,5.5
05004317 ,1.8 ,5.25 ,6.25 ,5.75 ,5.25 ,7.25 ,3.75 ,6.5 ,3.6
11000987 ,4 ,3.75 ,5.5 ,5.25 ,4.2 ,4.75 ,5.75 ,5.5 ,3.2
12001226 ,6.8 ,3.5 ,5 ,6 ,5 ,3.75 ,6 ,3.6 ,6
19003132 ,4 ,6 ,5.75 ,5.25 ,7.25 ,5.75 ,6.5 ,3.2 ,5.5
21001303 ,4.8 ,5.75 ,5.25 ,4.2 ,4.75 ,6 ,5.5 ,6 ,5
27002219 ,3.6 ,5.75 ,6 ,5 ,3.75 ,6.5 ,3.6 ,5.5 ,5.4
05004156 ,3.4 ,4.25 ,5.25 ,7.25 ,5.75 ,5.5 ,3.2 ,5 ,4.6
12012576 ,4.2 ,4.5 ,4.2 ,4.75 ,6 ,3.6 ,6 ,5.4 ,5.75
14007981 ,2.8 ,5.25 ,5 ,3.75 ,6.5 ,3.2 ,5.5 ,4.6 ,4.5
17006740 ,4.8 ,4 ,7.25 ,5.75 ,5.5 ,6 ,5 ,5.75 ,3
01047428 ,4.8 ,6.25 ,4.75 ,6 ,3.6 ,5.5 ,5.4 ,4.5 ,7
01062230 ,6.2 ,5.75 ,3.75 ,6.5 ,3.2 ,5 ,4.6 ,3 ,6.25
12004211 ,3.8 ,5.25 ,5.75 ,5.5 ,6 ,5.4 ,5.75 ,7 ,3.6
12006088 ,4.2 ,5.5 ,6 ,3.6 ,5.5 ,4.6 ,4.5 ,6.25 ,5.75
12011416 ,3.2 ,6 ,6.5 ,3.2 ,5 ,5.75 ,3 ,3.6 ,3.4
21001568 ,3.4 ,6.25 ,5.5 ,6 ,5.4 ,4.5 ,7 ,5.75 ,5.5
01017596 ,4.6 ,7.75 ,3.6 ,5.5 ,4.6 ,3 ,6.25 ,3.4 ,9
01030915 ,5.2 ,7 ,3.2 ,5 ,5.75 ,7 ,3.6 ,5.5 ,8.5
01034908 ,5.6 ,4.5 ,6 ,5.4 ,4.5 ,6.25 ,5.75 ,9 ,9.5
01061698 ,5.4 ,4.5 ,5.5 ,4.6 ,3 ,3.6 ,3.4 ,8.5 ,8.75
05004384 ,3.2 ,4.25 ,5 ,5.75 ,7 ,5.75 ,5.5 ,9.5 ,8.75
12005082 ,5.4 ,4.75 ,5.4 ,4.5 ,6.25 ,3.4 ,9 ,8.75 ,8.5
17002689 ,5.4 ,4.5 ,4.6 ,3 ,3.6 ,5.5 ,8.5 ,8.75 ,7.5
19010693 ,4.6 ,4.75 ,5.75 ,7 ,5.75 ,9 ,9.5 ,8.5 ,9.25
06004715 ,2.8 ,5 ,4.5 ,6.25 ,3.4 ,8.5 ,8.75 ,7.5 ,8
12010066 ,4.6 ,7.25 ,3 ,3.6 ,5.5 ,9.5 ,8.75 ,9.25 ,6.5
14006761 ,2 ,3.25 ,7 ,5.75 ,9 ,8.75 ,8.5 ,8 ,9.75
01017919 ,4.4 ,4.75 ,6.25 ,3.4 ,8.5 ,8.75 ,7.5 ,6.5 ,8
12011954 ,5.2 ,5.25 ,3.6 ,5.5 ,9.5 ,8.5 ,9.25 ,9.75 ,7
13001516 ,3 ,5.25 ,5.75 ,9 ,8.75 ,7.5 ,8 ,8 ,5.6
14005146 ,3 ,5.5 ,3.4 ,8.5 ,8.75 ,9.25 ,6.5 ,7 ,8.75
22002443 ,2.8 ,6.25 ,5.5 ,9.5 ,8.5 ,8 ,9.75 ,5.6 ,9
10000496 ,5.8 ,8.5 ,9 ,8.75 ,7.5 ,6.5 ,8 ,8.75 ,8.75
12000756 ,6.6 ,7.5 ,8.5 ,8.75 ,9.25 ,9.75 ,7 ,9 ,8
18014434 ,7.2 ,7.75 ,9.5 ,8.5 ,8 ,8 ,5.6 ,8.75 ,7
11002792 ,5 ,8 ,8.75 ,7.5 ,6.5 ,7 ,8.75 ,8 ,8
15008036 ,7.2 ,7.5 ,8.75 ,9.25 ,9.75 ,5.6 ,9 ,7 ,8.75
10000375 ,5 ,7.75 ,8.5 ,8 ,8 ,8.75 ,8.75 ,8 ,7.25
10000478 ,6 ,7.75 ,7.5 ,6.5 ,7 ,9 ,8 ,8.75 ,7.5
11000166 ,4.2 ,7.5 ,9.25 ,9.75 ,5.6 ,8.75 ,7 ,7.25 ,7.75
21005521 ,7.8 ,7.5 ,8 ,8 ,8.75 ,8 ,8 ,7.5 ,8
07001652 ,7.2 ,6.75 ,6.5 ,7 ,9 ,7 ,8.75 ,7.75 ,8.5
12007598 ,6 ,7.25 ,9.75 ,5.6 ,8.75 ,8 ,7.25 ,8 ,6
12011011 ,7.4 ,7 ,8 ,8.75 ,8 ,8.75 ,7.5 ,8.5 ,6.5
12000106 ,6.8 ,6.5 ,7 ,9 ,7 ,7.25 ,7.75 ,6 ,6.5
12000114 ,7.2 ,7.5 ,5.6 ,8.75 ,8 ,7.5 ,8 ,6.5 ,8.25
12006538 ,7.4 ,5.75 ,8.75 ,8 ,8.75 ,7.75 ,8.5 ,6.5 ,7.25
13004683 ,4.8 ,8 ,9 ,7 ,7.25 ,8 ,6 ,8.25 ,8.5
09004894 ,5.6 ,7.25 ,8.75 ,8 ,7.5 ,8.5 ,6.5 ,7.25 ,8.25
12001378 ,8.2 ,6.25 ,8 ,8.75 ,7.75 ,6 ,6.5 ,8.5 ,7
10006321 ,4.2 ,8 ,7 ,7.25 ,8 ,6.5 ,8.25 ,8.25 ,7
11001368 ,3.8 ,7.5 ,8 ,7.5 ,8.5 ,6.5 ,7.25 ,7 ,7
01061948 ,6.2 ,7 ,8.75 ,7.75 ,6 ,8.25 ,8.5 ,7 ,6.75
10002646 ,4.8 ,7 ,7.25 ,8 ,6.5 ,7.25 ,8.25 ,7 ,6
11000084 ,3.4 ,8 ,7.5 ,8.5 ,6.5 ,8.5 ,7 ,6.75 ,7.75
12007554 ,6.4 ,7.25 ,7.75 ,6 ,8.25 ,8.25 ,7 ,6 ,7
13005288 ,4.8 ,6.25 ,8 ,6.5 ,7.25 ,7 ,7 ,7.75 ,7.5
16006931 ,5.4 ,7.5 ,8.5 ,6.5 ,8.5 ,7 ,6.75 ,7 ,7.75
08005691 ,7 ,5.75 ,6 ,8.25 ,8.25 ,7 ,6 ,7.5 ,5
10000371 ,4.8 ,7.5 ,6.5 ,7.25 ,7 ,6.75 ,7.75 ,7.75 ,7
11000262 ,3.8 ,8.5 ,6.5 ,8.5 ,7 ,6 ,7 ,5 ,7.5
10006098 ,3.8 ,8.5 ,8.25 ,8.25 ,7 ,7.75 ,7.5 ,7 ,7.25
11000792 ,4.2 ,7 ,7.25 ,7 ,6.75 ,7 ,7.75 ,7.5 ,7.25
21004006 ,5.8 ,6.75 ,8.5 ,7 ,6 ,7.5 ,5 ,7.25 ,7.25
11001735 ,4 ,6 ,8.25 ,7 ,7.75 ,7.75 ,7 ,7.25 ,8.25
12005865 ,5 ,6.25 ,7 ,6.75 ,7 ,5 ,7.5 ,7.25 ,6
11000881 ,2.8 ,8.25 ,7 ,6 ,7.5 ,7 ,7.25 ,8.25 ,7.5
12007656 ,5.6 ,8 ,7 ,7.75 ,7.75 ,7.5 ,7.25 ,6 ,7.75
12000909 ,4 ,7 ,6.75 ,7 ,5 ,7.25 ,7.25 ,7.5 ,7.25
12002522 ,4.6 ,7.25 ,6 ,7.5 ,7 ,7.25 ,8.25 ,7.75 ,8
12008016 ,3.2 ,6.75 ,7.75 ,7.75 ,7.5 ,7.25 ,6 ,7.25 ,7.25
12010956 ,3 ,7.75 ,7 ,5 ,7.25 ,8.25 ,7.5 ,8 ,6.75
12012612 ,4.2 ,6 ,7.5 ,7 ,7.25 ,6 ,7.75 ,7.25 ,7.5
13001695 ,3.6 ,6.5 ,7.75 ,7.5 ,7.25 ,7.5 ,7.25 ,6.75 ,7.5
36000595 ,7.6 ,7.25 ,5 ,7.25 ,8.25 ,7.75 ,8 ,7.5 ,5.75
11002328 ,3.2 ,7.25 ,7 ,7.25 ,6 ,7.25 ,7.25 ,7.5 ,8.75
12000849 ,3.6 ,6.5 ,7.5 ,7.25 ,7.5 ,8 ,6.75 ,5.75 ,7.25
17000494 ,5.6 ,6.75 ,7.25 ,8.25 ,7.75 ,7.25 ,7.5 ,8.75 ,7.25
12003386 ,5 ,7.5 ,7.25 ,6 ,7.25 ,6.75 ,7.5 ,7.25 ,4.2
12012893 ,4.6 ,5.5 ,7.25 ,7.5 ,8 ,7.5 ,5.75 ,7.25 ,6.5
01052026 ,6 ,5.75 ,8.25 ,7.75 ,7.25 ,7.5 ,8.75 ,4.2 ,7.25
09003913 ,4.2 ,6.75 ,6 ,7.25 ,6.75 ,5.75 ,7.25 ,6.5 ,8.25
11002771 ,3 ,6.5 ,7.5 ,8 ,7.5 ,8.75 ,7.25 ,7.25 ,5.25
12007590 ,3.8 ,7.5 ,7.75 ,7.25 ,7.5 ,7.25 ,4.2 ,8.25 ,5
12007883 ,5.8 ,6.5 ,7.25 ,6.75 ,5.75 ,7.25 ,6.5 ,5.25 ,6
12010456 ,5.2 ,6.25 ,8 ,7.5 ,8.75 ,4.2 ,7.25 ,5 ,6.5
13001785 ,3.6 ,8.25 ,7.25 ,7.5 ,7.25 ,6.5 ,8.25 ,6 ,7.25
22003393 ,6.2 ,6.5 ,6.75 ,5.75 ,7.25 ,7.25 ,5.25 ,6.5 ,7.5
25003622 ,6.6 ,5.5 ,7.5 ,8.75 ,4.2 ,8.25 ,5 ,7.25 ,6.8
09004054 ,4.2 ,7 ,7.5 ,7.25 ,6.5 ,5.25 ,6 ,7.5 ,6.75
12000705 ,4.2 ,6.75 ,5.75 ,7.25 ,7.25 ,5 ,6.5 ,6.8 ,5.5
12002273 ,2.2 ,5.75 ,8.75 ,4.2 ,8.25 ,6 ,7.25 ,6.75 ,8
12005178 ,4.6 ,7 ,7.25 ,6.5 ,5.25 ,6.5 ,7.5 ,5.5 ,7.25
12009460 ,5 ,6.5 ,7.25 ,7.25 ,5 ,7.25 ,6.8 ,8 ,7.25
13003083 ,6.4 ,6.25 ,4.2 ,8.25 ,6 ,7.5 ,6.75 ,7.25 ,7.5
13004990 ,3.8 ,6.5 ,6.5 ,5.25 ,6.5 ,6.8 ,5.5 ,7.25 ,5.8
27007042 ,5.2 ,6.25 ,7.25 ,5 ,7.25 ,6.75 ,8 ,7.5 ,6
01040484 ,4.6 ,6.75 ,8.25 ,6 ,7.5 ,5.5 ,7.25 ,5.8 ,6.25
06000005 ,6.6 ,4.75 ,5.25 ,6.5 ,6.8 ,8 ,7.25 ,6 ,7.25
10001724 ,2.8 ,8.75 ,5 ,7.25 ,6.75 ,7.25 ,7.5 ,6.25 ,8.25
12000875 ,4.4 ,6 ,6 ,7.5 ,5.5 ,7.25 ,5.8 ,7.25 ,7.75
12005414 ,4.4 ,5.5 ,6.5 ,6.8 ,8 ,7.5 ,6 ,8.25 ,6.25
12008045 ,5.2 ,6 ,7.25 ,6.75 ,7.25 ,5.8 ,6.25 ,7.75 ,6.5
27006676 ,5 ,6.5 ,7.5 ,5.5 ,7.25 ,6 ,7.25 ,6.25 ,6.6
03007394 ,6 ,7 ,6.8 ,8 ,7.5 ,6.25 ,8.25 ,6.5 ,7.5
12008127 ,6 ,5.5 ,6.75 ,7.25 ,5.8 ,7.25 ,7.75 ,6.6 ,7.25
12012574 ,4.2 ,6.5 ,5.5 ,7.25 ,6 ,8.25 ,6.25 ,7.5 ,7.75
03003241 ,4.4 ,7 ,8 ,7.5 ,6.25 ,7.75 ,6.5 ,7.25 ,4.5
12001401 ,6.4 ,5.25 ,7.25 ,5.8 ,7.25 ,6.25 ,6.6 ,7.75 ,6.25
12002681 ,3.8 ,7 ,7.25 ,6 ,8.25 ,6.5 ,7.5 ,4.5 ,5.2
12012689 ,3.4 ,5 ,7.5 ,6.25 ,7.75 ,6.6 ,7.25 ,6.25 ,5.25
15002711 ,6.8 ,6.5 ,5.8 ,7.25 ,6.25 ,7.5 ,7.75 ,5.2 ,7.75
18002184 ,4 ,6 ,6 ,8.25 ,6.5 ,7.25 ,4.5 ,5.25 ,5.75
18012069 ,6.4 ,5.25 ,6.25 ,7.75 ,6.6 ,7.75 ,6.25 ,7.75 ,6.25
27004239 ,5.2 ,6.5 ,7.25 ,6.25 ,7.5 ,4.5 ,5.2 ,5.75 ,6.25
12002626 ,4 ,5.5 ,8.25 ,6.5 ,7.25 ,6.25 ,5.25 ,6.25 ,6.25
12002801 ,3 ,5 ,7.75 ,6.6 ,7.75 ,5.2 ,7.75 ,6.25 ,7
12011229 ,3.6 ,6 ,6.25 ,7.5 ,4.5 ,5.25 ,5.75 ,6.25 ,3.4
14001753 ,3 ,6.25 ,6.5 ,7.25 ,6.25 ,7.75 ,6.25 ,7 ,6.5
25011611 ,6.4 ,5.25 ,6.6 ,7.75 ,5.2 ,5.75 ,6.25 ,3.4 ,6
28012766 ,3.8 ,7 ,7.5 ,4.5 ,5.25 ,6.25 ,6.25 ,6.5 ,7
01047167 ,4.2 ,7 ,7.25 ,6.25 ,7.75 ,6.25 ,7 ,6 ,8.25
03000944 ,5 ,6.25 ,7.75 ,5.2 ,5.75 ,6.25 ,3.4 ,7 ,5.5
08001061 ,6 ,5 ,4.5 ,5.25 ,6.25 ,7 ,6.5 ,8.25 ,6.25
12003227 ,5 ,6.75 ,6.25 ,7.75 ,6.25 ,3.4 ,6 ,5.5 ,6.75
12006305 ,6.4 ,6 ,5.2 ,5.75 ,6.25 ,6.5 ,7 ,6.25 ,6.75
12010996 ,5 ,5.25 ,5.25 ,6.25 ,7 ,6 ,8.25 ,6.75 ,5.2
18012197 ,4 ,5.75 ,7.75 ,6.25 ,3.4 ,7 ,5.5 ,6.75 ,6
21007426 ,7 ,5.25 ,5.75 ,6.25 ,6.5 ,8.25 ,6.25 ,5.2 ,6
01041651 ,6 ,6 ,6.25 ,7 ,6 ,5.5 ,6.75 ,6 ,6.25
11000757 ,4.6 ,6.5 ,6.25 ,3.4 ,7 ,6.25 ,6.75 ,6 ,8
12000617 ,4.8 ,6.25 ,6.25 ,6.5 ,8.25 ,6.75 ,5.2 ,6.25 ,6.75
12007705 ,4.2 ,6 ,7 ,6 ,5.5 ,6.75 ,6 ,8 ,5.75
12012212 ,4.4 ,7.5 ,3.4 ,7 ,6.25 ,5.2 ,6 ,6.75 ,4.6
13004625 ,2.8 ,6 ,6.5 ,8.25 ,6.75 ,6 ,6.25 ,5.75 ,3.6
21005341 ,5.2 ,6.5 ,6 ,5.5 ,6.75 ,6 ,8 ,4.6 ,5.5
22002169 ,4.2 ,6.5 ,7 ,6.25 ,5.2 ,6.25 ,6.75 ,3.6 ,5.5
01040903 ,4 ,5.75 ,8.25 ,6.75 ,6 ,8 ,5.75 ,5.5 ,6.5
11000186 ,3.6 ,6 ,5.5 ,6.75 ,6 ,6.75 ,4.6 ,5.5 ,7.25
12005096 ,4.6 ,7.25 ,6.25 ,5.2 ,6.25 ,5.75 ,3.6 ,6.5 ,6.5
09001167 ,4 ,4 ,6.75 ,6 ,8 ,4.6 ,5.5 ,7.25 ,8
13002135 ,4 ,6 ,6.75 ,6 ,6.75 ,3.6 ,5.5 ,6.5 ,7.25
21006594 ,6.2 ,5.75 ,5.2 ,6.25 ,5.75 ,5.5 ,6.5 ,8 ,6
28020834 ,5.8 ,5.5 ,6 ,8 ,4.6 ,5.5 ,7.25 ,7.25 ,5.75
01067946 ,4.4 ,7 ,6 ,6.75 ,3.6 ,6.5 ,6.5 ,6 ,6.75
12005945 ,6 ,5.25 ,6.25 ,5.75 ,5.5 ,7.25 ,8 ,5.75 ,7.25
12007790 ,3 ,5.5 ,8 ,4.6 ,5.5 ,6.5 ,7.25 ,6.75 ,7.5
12008212 ,5.2 ,5.5 ,6.75 ,3.6 ,6.5 ,8 ,6 ,7.25 ,7.5
12011974 ,4.8 ,7 ,5.75 ,5.5 ,7.25 ,7.25 ,5.75 ,7.5 ,6
13003662 ,4.2 ,5.75 ,4.6 ,5.5 ,6.5 ,6 ,6.75 ,7.5 ,4.6
14000801 ,5 ,8 ,3.6 ,6.5 ,8 ,5.75 ,7.25 ,6 ,5.25
17007651 ,6.6 ,5.5 ,5.5 ,7.25 ,7.25 ,6.75 ,7.5 ,4.6 ,6.75
18011185 ,6 ,5 ,5.5 ,6.5 ,6 ,7.25 ,7.5 ,5.25 ,6.5
19004078 ,3.8 ,6.75 ,6.5 ,8 ,5.75 ,7.5 ,6 ,6.75 ,4.75
12004828 ,3.4 ,6.5 ,7.25 ,7.25 ,6.75 ,7.5 ,4.6 ,6.5 ,5.25
12005240 ,4.2 ,5.5 ,6.5 ,6 ,7.25 ,6 ,5.25 ,4.75 ,6
12006421 ,2.8 ,6.5 ,8 ,5.75 ,7.5 ,4.6 ,6.75 ,5.25 ,6.25
12010100 ,2.6 ,4.5 ,7.25 ,6.75 ,7.5 ,5.25 ,6.5 ,6 ,4.2
12010830 ,4.8 ,5.5 ,6 ,7.25 ,6 ,6.75 ,4.75 ,6.25 ,4.75
13001248 ,4 ,4.5 ,5.75 ,7.5 ,4.6 ,6.5 ,5.25 ,4.2 ,6.5
19003470 ,4.4 ,5.5 ,6.75 ,7.5 ,5.25 ,4.75 ,6 ,4.75 ,4.75
21013211 ,4 ,6 ,7.25 ,6 ,6.75 ,5.25 ,6.25 ,6.5 ,4
27006801 ,3.8 ,5.5 ,7.5 ,4.6 ,6.5 ,6 ,4.2 ,4.75 ,6
01047480 ,4 ,5.5 ,7.5 ,5.25 ,4.75 ,6.25 ,4.75 ,4 ,6.75
12004842 ,3.2 ,6.75 ,6 ,6.75 ,5.25 ,4.2 ,6.5 ,6 ,5.2
12005570 ,4.6 ,6.75 ,4.6 ,6.5 ,6 ,4.75 ,4.75 ,6.75 ,4.5
12009384 ,3.4 ,5.25 ,5.25 ,4.75 ,6.25 ,6.5 ,4 ,5.2 ,7.5
13003770 ,3.6 ,5.75 ,6.75 ,5.25 ,4.2 ,4.75 ,6 ,4.5 ,7
19003891 ,5.8 ,4.25 ,6.5 ,6 ,4.75 ,4 ,6.75 ,7.5 ,7
21014608 ,5.4 ,6.25 ,4.75 ,6.25 ,6.5 ,6 ,5.2 ,7 ,3.2
24007689 ,6.8 ,4.5 ,5.25 ,4.2 ,4.75 ,6.75 ,4.5 ,7 ,7
12004741 ,4.2 ,6.5 ,6 ,4.75 ,4 ,5.2 ,7.5 ,3.2 ,6
12008363 ,4.2 ,6.25 ,6.25 ,6.5 ,6 ,4.5 ,7 ,7 ,6.25
12010362 ,4.2 ,5.25 ,4.2 ,4.75 ,6.75 ,7.5 ,7 ,6 ,5.5
12010806 ,3.6 ,5.5 ,4.75 ,4 ,5.2 ,7 ,3.2 ,6.25 ,6.75
12012632 ,2.2 ,5 ,6.5 ,6 ,4.5 ,7 ,7 ,5.5 ,5.75
13004870 ,3.8 ,5.25 ,4.75 ,6.75 ,7.5 ,3.2 ,6 ,6.75 ,7.25
14001454 ,5.4 ,4.25 ,4 ,5.2 ,7 ,7 ,6.25 ,5.75 ,6
17000862 ,4.8 ,6 ,6 ,4.5 ,7 ,6 ,5.5 ,7.25 ,6.5
24000575 ,4 ,6 ,6.75 ,7.5 ,3.2 ,6.25 ,6.75 ,6 ,4.6
26002549 ,5.6 ,6 ,5.2 ,7 ,7 ,5.5 ,5.75 ,6.5 ,5.5
62002718 ,4.8 ,4.5 ,4.5 ,7 ,6 ,6.75 ,7.25 ,4.6 ,4.25
12002733 ,3.6 ,4.5 ,7.5 ,3.2 ,6.25 ,5.75 ,6 ,5.5 ,6.25
12002772 ,3.4 ,3 ,7 ,7 ,5.5 ,7.25 ,6.5 ,4.25 ,6.25
12004830 ,2.6 ,7 ,7 ,6 ,6.75 ,6 ,4.6 ,6.25 ,5.5
12010486 ,6 ,6.75 ,3.2 ,6.25 ,5.75 ,6.5 ,5.5 ,6.25 ,7.25
01047492 ,3.2 ,6 ,7 ,5.5 ,7.25 ,4.6 ,4.25 ,5.5 ,6
06000372 ,2.4 ,4.75 ,6 ,6.75 ,6 ,5.5 ,6.25 ,7.25 ,2.6
12002307 ,2.6 ,6.5 ,6.25 ,5.75 ,6.5 ,4.25 ,6.25 ,6 ,6.25
12002629 ,4.2 ,5.5 ,5.5 ,7.25 ,4.6 ,6.25 ,5.5 ,2.6 ,5
12005058 ,3.8 ,5.75 ,6.75 ,6 ,5.5 ,6.25 ,7.25 ,6.25 ,6.5
12007289 ,4.8 ,5.75 ,5.75 ,6.5 ,4.25 ,5.5 ,6 ,5 ,6.25
12007681 ,3 ,5.5 ,7.25 ,4.6 ,6.25 ,7.25 ,2.6 ,6.5 ,6
12007861 ,4.2 ,5 ,6 ,5.5 ,6.25 ,6 ,6.25 ,6.25 ,6.5
19004188 ,4.2 ,5 ,6.5 ,4.25 ,5.5 ,2.6 ,5 ,6 ,6.75
25004736 ,5.6 ,5.5 ,4.6 ,6.25 ,7.25 ,6.25 ,6.5 ,6.5 ,6.25
12002685 ,3.4 ,6 ,5.5 ,6.25 ,6 ,5 ,6.25 ,6.75 ,4
12003597 ,4 ,4.75 ,4.25 ,5.5 ,2.6 ,6.5 ,6 ,6.25 ,6.2
12005301 ,2.4 ,6.25 ,6.25 ,7.25 ,6.25 ,6.25 ,6.5 ,4 ,5.25
12008042 ,3.4 ,5.25 ,6.25 ,6 ,5 ,6 ,6.75 ,6.2 ,6.25
13003996 ,3 ,4.5 ,5.5 ,2.6 ,6.5 ,6.5 ,6.25 ,5.25 ,6.5
13004885 ,2.6 ,5.25 ,7.25 ,6.25 ,6.25 ,6.75 ,4 ,6.25 ,5.75
17003504 ,5.6 ,4.5 ,6 ,5 ,6 ,6.25 ,6.2 ,6.5 ,5
19007663 ,6 ,7 ,2.6 ,6.5 ,6.5 ,4 ,5.25 ,5.75 ,6.75
29005836 ,4.8 ,4.5 ,6.25 ,6.25 ,6.75 ,6.2 ,6.25 ,5 ,7.5
01006492 ,4 ,7.25 ,5 ,6 ,6.25 ,5.25 ,6.5 ,6.75 ,4.5
12000637 ,2.6 ,5.75 ,6.5 ,6.5 ,4 ,6.25 ,5.75 ,7.5 ,4
12002751 ,4.4 ,4 ,6.25 ,6.75 ,6.2 ,6.5 ,5 ,4.5 ,6
12008531 ,4.8 ,5 ,6 ,6.25 ,5.25 ,5.75 ,6.75 ,4 ,6.25
12012638 ,4.2 ,4 ,6.5 ,4 ,6.25 ,5 ,7.5 ,6 ,3.2
15002267 ,3.6 ,5.5 ,6.75 ,6.2 ,6.5 ,6.75 ,4.5 ,6.25 ,3.8
17000923 ,4.2 ,5.25 ,6.25 ,5.25 ,5.75 ,7.5 ,4 ,3.2 ,7.25
26014658 ,6.4 ,4.75 ,4 ,6.25 ,5 ,4.5 ,6 ,3.8 ,3
01030049 ,3.2 ,6 ,6.2 ,6.5 ,6.75 ,4 ,6.25 ,7.25 ,5.25
05002365 ,3.2 ,4 ,5.25 ,5.75 ,7.5 ,6 ,3.2 ,3 ,5.75
12003077 ,3.6 ,5.75 ,6.25 ,5 ,4.5 ,6.25 ,3.8 ,5.25 ,5.75
12008290 ,3.4 ,5.5 ,6.5 ,6.75 ,4 ,3.2 ,7.25 ,5.75 ,6
12009324 ,3 ,5.75 ,5.75 ,7.5 ,6 ,3.8 ,3 ,5.75 ,6.5
12010983 ,6 ,3.5 ,5 ,4.5 ,6.25 ,7.25 ,5.25 ,6 ,8.25
14008079 ,2.8 ,5 ,6.75 ,4 ,3.2 ,3 ,5.75 ,6.5 ,7
01009414 ,1.6 ,6.75 ,7.5 ,6 ,3.8 ,5.25 ,5.75 ,8.25 ,6.75
03003949 ,5 ,6.25 ,4.5 ,6.25 ,7.25 ,5.75 ,6 ,7 ,7.5
12002674 ,3.2 ,7 ,4 ,3.2 ,3 ,5.75 ,6.5 ,6.75 ,8.2
12003286 ,3.8 ,5 ,6 ,3.8 ,5.25 ,6 ,8.25 ,7.5 ,8.6
12007697 ,3.8 ,4.25 ,6.25 ,7.25 ,5.75 ,6.5 ,7 ,8.2 ,6.5
12011099 ,2.6 ,6.5 ,3.2 ,3 ,5.75 ,8.25 ,6.75 ,8.6 ,8.25
14005297 ,2.4 ,6 ,3.8 ,5.25 ,6 ,7 ,7.5 ,6.5 ,6.25
15002220 ,2.6 ,5.5 ,7.25 ,5.75 ,6.5 ,6.75 ,8.2 ,8.25 ,5.4
01059416 ,5.2 ,6.75 ,3 ,5.75 ,8.25 ,7.5 ,8.6 ,6.25 ,6.5
12006983 ,4.2 ,5.5 ,5.25 ,6 ,7 ,8.2 ,6.5 ,5.4 ,7.75
12008383 ,2.4 ,6.75 ,5.75 ,6.5 ,6.75 ,8.6 ,8.25 ,6.5 ,6.75
12011650 ,3 ,6.25 ,5.75 ,8.25 ,7.5 ,6.5 ,6.25 ,7.75 ,6.75
28021270 ,2.8 ,5.75 ,6 ,7 ,8.2 ,8.25 ,5.4 ,6.75 ,6.75
62000630 ,4 ,3.5 ,6.5 ,6.75 ,8.6 ,6.25 ,6.5 ,6.75 ,3.75
62001871 ,8 ,8.5 ,8.25 ,7.5 ,6.5 ,5.4 ,7.75 ,6.75 ,4.8
12004249 ,9 ,7 ,7 ,8.2 ,8.25 ,6.5 ,6.75 ,3.75 ,5.75
12008000 ,8.8 ,6.5 ,6.75 ,8.6 ,6.25 ,7.75 ,6.75 ,4.8 ,5
21002828 ,7.4 ,7.5 ,7.5 ,6.5 ,5.4 ,6.75 ,6.75 ,5.75 ,6.5
12001844 ,6.6 ,6.5 ,8.2 ,8.25 ,6.5 ,6.75 ,3.75 ,5 ,6
25008968 ,6 ,6.75 ,8.6 ,6.25 ,7.75 ,6.75 ,4.8 ,6.5 ,4.8
26018215 ,7.2 ,7.5 ,6.5 ,5.4 ,6.75 ,3.75 ,5.75 ,6 ,7
12001464 ,7.8 ,5.5 ,8.25 ,6.5 ,6.75 ,4.8 ,5 ,4.8 ,4.5
15006987 ,7.6 ,7 ,6.25 ,7.75 ,6.75 ,5.75 ,6.5 ,7 ,6.75
12000068 ,7 ,5.5 ,5.4 ,6.75 ,3.75 ,5 ,6 ,4.5 ,5.4
12004442 ,7.4 ,6 ,6.5 ,6.75 ,4.8 ,6.5 ,4.8 ,6.75 ,7.5
12007134 ,7.2 ,6 ,7.75 ,6.75 ,5.75 ,6 ,7 ,5.4 ,5
12007664 ,7.4 ,6.25 ,6.75 ,3.75 ,5 ,4.8 ,4.5 ,7.5 ,6.75
21012827 ,8.4 ,5.75 ,6.75 ,4.8 ,6.5 ,7 ,6.75 ,5 ,5.8
12006943 ,7.4 ,6.5 ,6.75 ,5.75 ,6 ,4.5 ,5.4 ,6.75 ,4.2
12000521 ,7 ,6.75 ,3.75 ,5 ,4.8 ,6.75 ,7.5 ,5.8 ,6
12001168 ,6.4 ,8.25 ,4.8 ,6.5 ,7 ,5.4 ,5 ,4.2 ,6
12009396 ,6.6 ,5.25 ,5.75 ,6 ,4.5 ,7.5 ,6.75 ,6 ,7
12012803 ,5.6 ,7 ,5 ,4.8 ,6.75 ,5 ,5.8 ,6 ,5.4
62001738 ,5.2 ,5.75 ,6.5 ,7 ,5.4 ,6.75 ,4.2 ,7 ,5.8
07000318 ,6.6 ,4.75 ,6 ,4.5 ,7.5 ,5.8 ,6 ,5.4 ,4.6
12002710 ,7.6 ,6.75 ,4.8 ,6.75 ,5 ,4.2 ,6 ,5.8 ,5
12002742 ,6.8 ,5.5 ,7 ,5.4 ,6.75 ,6 ,7 ,4.6 ,6.75
12009552 ,6.2 ,6.5 ,4.5 ,7.5 ,5.8 ,6 ,5.4 ,5 ,5
01007714 ,7.4 ,6.25 ,6.75 ,5 ,4.2 ,7 ,5.8 ,6.75 ,6.4
12002295 ,5.6 ,8 ,5.4 ,6.75 ,6 ,5.4 ,4.6 ,5 ,6.5
12005535 ,6.6 ,5 ,7.5 ,5.8 ,6 ,5.8 ,5 ,6.4 ,4.8
12006038 ,6.4 ,7.5 ,5 ,4.2 ,7 ,4.6 ,6.75 ,6.5 ,5.2
12007162 ,6.4 ,6.75 ,6.75 ,6 ,5.4 ,5 ,5 ,4.8 ,6.25
12007303 ,6.2 ,7 ,5.8 ,6 ,5.8 ,6.75 ,6.4 ,5.2 ,5.6
12007526 ,7.4 ,7.5 ,4.2 ,7 ,4.6 ,5 ,6.5 ,6.25 ,5.5
15007116 ,7.2 ,6.25 ,6 ,5.4 ,5 ,6.4 ,4.8 ,5.6 ,6.2
12000509 ,4.8 ,6 ,6 ,5.8 ,6.75 ,6.5 ,5.2 ,5.5 ,3
12001903 ,6.8 ,6 ,7 ,4.6 ,5 ,4.8 ,6.25 ,6.2 ,6.25
12001904 ,7 ,7.25 ,5.4 ,5 ,6.4 ,5.2 ,5.6 ,3 ,5.25
12007004 ,6.4 ,7.5 ,5.8 ,6.75 ,6.5 ,6.25 ,5.5 ,6.25 ,4.8
12007773 ,6.6 ,8 ,4.6 ,5 ,4.8 ,5.6 ,6.2 ,5.25 ,4.5
12012276 ,5.8 ,6 ,5 ,6.4 ,5.2 ,5.5 ,3 ,4.8 ,5.25
13002340 ,6.6 ,5.5 ,6.75 ,6.5 ,6.25 ,6.2 ,6.25 ,4.5 ,5
13003688 ,5 ,6.75 ,5 ,4.8 ,5.6 ,3 ,5.25 ,5.25 ,5.4
15007044 ,6.2 ,6.75 ,6.4 ,5.2 ,5.5 ,6.25 ,4.8 ,5 ,3.5
19006336 ,6.8 ,6 ,6.5 ,6.25 ,6.2 ,5.25 ,4.5 ,5.4 ,7.4
10002324 ,4.2 ,7.5 ,4.8 ,5.6 ,3 ,4.8 ,5.25 ,3.5 ,6
11000273 ,4.4 ,7 ,5.2 ,5.5 ,6.25 ,4.5 ,5 ,7.4 ,3
12007363 ,6.4 ,6.75 ,6.25 ,6.2 ,5.25 ,5.25 ,5.4 ,6 ,5.25
12007475 ,8.4 ,5.5 ,5.6 ,3 ,4.8 ,5 ,3.5 ,3 ,5.6
12009554 ,6.6 ,4.5 ,5.5 ,6.25 ,4.5 ,5.4 ,7.4 ,5.25 ,4.8
25002650 ,6 ,6.75 ,6.2 ,5.25 ,5.25 ,3.5 ,6 ,5.6 ,5
10005280 ,5 ,8.25 ,3 ,4.8 ,5 ,7.4 ,3 ,4.8 ,4.75
11001095 ,5.8 ,6.25 ,6.25 ,4.5 ,5.4 ,6 ,5.25 ,5 ,3.4
11001116 ,6 ,5 ,5.25 ,5.25 ,3.5 ,3 ,5.6 ,4.75 ,5
12000602 ,5.6 ,5.75 ,4.8 ,5 ,7.4 ,5.25 ,4.8 ,3.4 ,3.4
12004596 ,7.4 ,6.25 ,4.5 ,5.4 ,6 ,5.6 ,5 ,5 ,4.4
12005162 ,6 ,7 ,5.25 ,3.5 ,3 ,4.8 ,4.75 ,3.4 ,7.5
12010209 ,5.8 ,7.5 ,5 ,7.4 ,5.25 ,5 ,3.4 ,4.4 ,5.5
18016993 ,7 ,6.75 ,5.4 ,6 ,5.6 ,4.75 ,5 ,7.5 ,6
23006251 ,5.8 ,7 ,3.5 ,3 ,4.8 ,3.4 ,3.4 ,5.5 ,4.4
01022139 ,5.2 ,7 ,7.4 ,5.25 ,5 ,5 ,4.4 ,6 ,5.5
01031343 ,5.8 ,7.25 ,6 ,5.6 ,4.75 ,3.4 ,7.5 ,4.4 ,5.5
10003122 ,4.4 ,8.5 ,3 ,4.8 ,3.4 ,4.4 ,5.5 ,5.5 ,5
11002722 ,5.8 ,5 ,5.25 ,5 ,5 ,7.5 ,6 ,5.5 ,5.2
12010409 ,6.4 ,6.5 ,5.6 ,4.75 ,3.4 ,5.5 ,4.4 ,5 ,5
12011402 ,6.2 ,8 ,4.8 ,3.4 ,4.4 ,6 ,5.5 ,5.2 ,5.75
14005209 ,4.6 ,6.5 ,5 ,5 ,7.5 ,4.4 ,5.5 ,5 ,5.2
18008976 ,6.8 ,6.5 ,4.75 ,3.4 ,5.5 ,5.5 ,5 ,5.75 ,3.4
11002799 ,5.4 ,7 ,3.4 ,4.4 ,6 ,5.5 ,5.2 ,5.2 ,7
12003792 ,5.6 ,5.25 ,5 ,7.5 ,4.4 ,5 ,5 ,3.4 ,3.4
12012214 ,5 ,7.25 ,3.4 ,5.5 ,5.5 ,5.2 ,5.75 ,7 ,4
18002636 ,5.8 ,5.5 ,4.4 ,6 ,5.5 ,5 ,5.2 ,3.4 ,4.5
01062201 ,4.6 ,6.5 ,7.5 ,4.4 ,5 ,5.75 ,3.4 ,4 ,6
11000742 ,5.8 ,4.25 ,5.5 ,5.5 ,5.2 ,5.2 ,7 ,4.5 ,5.8
12007169 ,6.4 ,6 ,6 ,5.5 ,5 ,3.4 ,3.4 ,6 ,6
12009368 ,5.2 ,6 ,4.4 ,5 ,5.75 ,7 ,4 ,5.8 ,6
17006719 ,6.6 ,6.5 ,5.5 ,5.2 ,5.2 ,3.4 ,4.5 ,6 ,5.5
26003918 ,5.4 ,7 ,5.5 ,5 ,3.4 ,4 ,6 ,6 ,4.4
29020069 ,6.6 ,6 ,5 ,5.75 ,7 ,4.5 ,5.8 ,5.5 ,4.75
05004325 ,4 ,6 ,5.2 ,5.2 ,3.4 ,6 ,6 ,4.4 ,3.6
10002338 ,3.2 ,7 ,5 ,3.4 ,4 ,5.8 ,6 ,4.75 ,5.4
12001310 ,7.8 ,4.75 ,5.75 ,7 ,4.5 ,6 ,5.5 ,3.6 ,5.6
12002843 ,5.4 ,6.75 ,5.2 ,3.4 ,6 ,6 ,4.4 ,5.4 ,4.2
12007999 ,7.8 ,6 ,3.4 ,4 ,5.8 ,5.5 ,4.75 ,5.6 ,4.75
01042260 ,5.8 ,2.25 ,7 ,4.5 ,6 ,4.4 ,3.6 ,4.2 ,7.8
10005085 ,5.4 ,6.25 ,3.4 ,6 ,6 ,4.75 ,5.4 ,4.75 ,5.25
11001571 ,4 ,7 ,4 ,5.8 ,5.5 ,3.6 ,5.6 ,7.8 ,6.2
12002670 ,5.6 ,5 ,4.5 ,6 ,4.4 ,5.4 ,4.2 ,5.25 ,3.8
12004542 ,6 ,5 ,6 ,6 ,4.75 ,5.6 ,4.75 ,6.2 ,4.4
12007253 ,5.2 ,7 ,5.8 ,5.5 ,3.6 ,4.2 ,7.8 ,3.8 ,5.6
12011601 ,5 ,7 ,6 ,4.4 ,5.4 ,4.75 ,5.25 ,4.4 ,3.6
19008616 ,4.6 ,7 ,6 ,4.75 ,5.6 ,7.8 ,6.2 ,5.6 ,4
21016934 ,6.6 ,5.5 ,5.5 ,3.6 ,4.2 ,5.25 ,3.8 ,3.6 ,4.6
27006836 ,5.8 ,7.25 ,4.4 ,5.4 ,4.75 ,6.2 ,4.4 ,4 ,4.25
62003001 ,5.2 ,5 ,4.75 ,5.6 ,7.8 ,3.8 ,5.6 ,4.6 ,4
01030126 ,6.8 ,7.25 ,3.6 ,4.2 ,5.25 ,4.4 ,3.6 ,4.25 ,4.4
12007010 ,5.2 ,7.25 ,5.4 ,4.75 ,6.2 ,5.6 ,4 ,4 ,3.8
12009604 ,5 ,6.25 ,5.6 ,7.8 ,3.8 ,3.6 ,4.6 ,4.4 ,6.25
12012294 ,5.2 ,5.25 ,4.2 ,5.25 ,4.4 ,4 ,4.25 ,3.8 ,5.25
15010141 ,5.4 ,4.5 ,4.75 ,6.2 ,5.6 ,4.6 ,4 ,6.25 ,5.8
17005373 ,5.6 ,4.25 ,7.8 ,3.8 ,3.6 ,4.25 ,4.4 ,5.25 ,4.5
26013139 ,6.2 ,5.75 ,5.25 ,4.4 ,4 ,4 ,3.8 ,5.8 ,6.8
26016384 ,6.2 ,4.75 ,6.2 ,5.6 ,4.6 ,4.4 ,6.25 ,4.5 ,4.2
10004546 ,4 ,6.75 ,3.8 ,3.6 ,4.25 ,3.8 ,5.25 ,6.8 ,4.25
12006942 ,6.8 ,6.25 ,4.4 ,4 ,4 ,6.25 ,5.8 ,4.2 ,4.2
12006972 ,4.4 ,7.5 ,5.6 ,4.6 ,4.4 ,5.25 ,4.5 ,4.25 ,3
13003589 ,4.6 ,6.25 ,3.6 ,4.25 ,3.8 ,5.8 ,6.8 ,4.2 ,6.25
14004494 ,3.6 ,7 ,4 ,4 ,6.25 ,4.5 ,4.2 ,3 ,3.6
18012187 ,5 ,7 ,4.6 ,4.4 ,5.25 ,6.8 ,4.25 ,6.25 ,3.2
11001504 ,5.2 ,4.75 ,4.25 ,3.8 ,5.8 ,4.2 ,4.2 ,3.6 ,4
12000347 ,5.2 ,5 ,4 ,6.25 ,4.5 ,4.25 ,3 ,3.2 ,5.2
12003628 ,2.8 ,7 ,4.4 ,5.25 ,6.8 ,4.2 ,6.25 ,4 ,6
12006184 ,6.4 ,6 ,3.8 ,5.8 ,4.2 ,3 ,3.6 ,5.2 ,4.6
12006861 ,6.8 ,4.25 ,6.25 ,4.5 ,4.25 ,6.25 ,3.2 ,6 ,4.2
12010378 ,5 ,6.5 ,5.25 ,6.8 ,4.2 ,3.6 ,4 ,4.6 ,3.4
26018630 ,5.4 ,5.5 ,5.8 ,4.2 ,3 ,3.2 ,5.2 ,4.2 ,2.2
01039643 ,5.6 ,4 ,4.5 ,4.25 ,6.25 ,4 ,6 ,3.4 ,5
03002980 ,3.2 ,7 ,6.8 ,4.2 ,3.6 ,5.2 ,4.6 ,2.2 ,3.8
10000809 ,5.2 ,6.5 ,4.2 ,3 ,3.2 ,6 ,4.2 ,5 ,4.25
10003663 ,4.8 ,5 ,4.25 ,6.25 ,4 ,4.6 ,3.4 ,3.8 ,3.25
11001168 ,3 ,6.75 ,4.2 ,3.6 ,5.2 ,4.2 ,2.2 ,4.25 ,5.2
11001658 ,3.8 ,7.25 ,3 ,3.2 ,6 ,3.4 ,5 ,3.25 ,4.8
12002562 ,5.8 ,4 ,6.25 ,4 ,4.6 ,2.2 ,3.8 ,5.2 ,4.25
12005264 ,4.6 ,5.75 ,3.6 ,5.2 ,4.2 ,5 ,4.25 ,4.8 ,2.4
12006058 ,5.8 ,8 ,3.2 ,6 ,3.4 ,3.8 ,3.25 ,4.25 ,4
12007777 ,5.8 ,6.75 ,4 ,4.6 ,2.2 ,4.25 ,5.2 ,2.4 ,6
18015414 ,4.4 ,6.5 ,5.2 ,4.2 ,5 ,3.25 ,4.8 ,4 ,2.8
21006257 ,7.2 ,3.25 ,6 ,3.4 ,3.8 ,5.2 ,4.25 ,6 ,4
27002648 ,5.4 ,6.5 ,4.6 ,2.2 ,4.25 ,4.8 ,2.4 ,2.8 ,2.8
01027850 ,5.6 ,7 ,4.2 ,5 ,3.25 ,4.25 ,4 ,4 ,5.75
01061111 ,8.2 ,5.25 ,3.4 ,3.8 ,5.2 ,2.4 ,6 ,2.8 ,6.25
11000583 ,7.2 ,6.25 ,2.2 ,4.25 ,4.8 ,4 ,2.8 ,5.75 ,4
12002172 ,4.8 ,6 ,5 ,3.25 ,4.25 ,6 ,4 ,6.25 ,3.6
12004532 ,4.2 ,7.75 ,3.8 ,5.2 ,2.4 ,2.8 ,2.8 ,4 ,2.8
12005151 ,6.6 ,6 ,4.25 ,4.8 ,4 ,4 ,5.75 ,3.6 ,4.4
12009220 ,6.4 ,4 ,3.25 ,4.25 ,6 ,2.8 ,6.25 ,2.8 ,2.6
12009658 ,4 ,7.5 ,5.2 ,2.4 ,2.8 ,5.75 ,4 ,4.4 ,4.4
21008899 ,5.8 ,6.25 ,4.8 ,4 ,4 ,6.25 ,3.6 ,2.6 ,4
24007679 ,6.4 ,5.5 ,4.25 ,6 ,2.8 ,4 ,2.8 ,4.4 ,5.2
11000093 ,3.6 ,7.5 ,2.4 ,2.8 ,5.75 ,3.6 ,4.4 ,4 ,3.4
12008048 ,4.2 ,5.25 ,4 ,4 ,6.25 ,2.8 ,2.6 ,5.2 ,3.75
12010202 ,3.6 ,6.5 ,6 ,2.8 ,4 ,4.4 ,4.4 ,3.4 ,3.8
12011330 ,3.6 ,7 ,2.8 ,5.75 ,3.6 ,2.6 ,4 ,3.75 ,5
12011707 ,5.6 ,7 ,4 ,6.25 ,2.8 ,4.4 ,5.2 ,3.8 ,4
13004671 ,3.6 ,7 ,2.8 ,4 ,4.4 ,4 ,3.4 ,5 ,4.6
22010925 ,5 ,5.25 ,5.75 ,3.6 ,2.6 ,5.2 ,3.75 ,4 ,2.8
26001751 ,6.4 ,3.75 ,6.25 ,2.8 ,4.4 ,3.4 ,3.8 ,4.6 ,2.2
26012311 ,5.4 ,6.5 ,4 ,4.4 ,4 ,3.75 ,5 ,2.8 ,4
01030671 ,5.6 ,7 ,3.6 ,2.6 ,5.2 ,3.8 ,4 ,2.2 ,4
10006754 ,4 ,6.5 ,2.8 ,4.4 ,3.4 ,5 ,4.6 ,4 ,4.8
12003567 ,4.6 ,4.25 ,4.4 ,4 ,3.75 ,4 ,2.8 ,4 ,3.6
12004372 ,4.4 ,6.25 ,2.6 ,5.2 ,3.8 ,4.6 ,2.2 ,4.8 ,4.4
12005117 ,5.8 ,6 ,4.4 ,3.4 ,5 ,2.8 ,4 ,3.6 ,7
12006264 ,4.6 ,7.75 ,4 ,3.75 ,4 ,2.2 ,4 ,4.4 ,4.5
12011372 ,4.2 ,6.75 ,5.2 ,3.8 ,4.6 ,4 ,4.8 ,7 ,4
12012253 ,4 ,5.75 ,3.4 ,5 ,2.8 ,4 ,3.6 ,4.5 ,4.4
13002716 ,4.6 ,5 ,3.75 ,4 ,2.2 ,4.8 ,4.4 ,4 ,4.2
01031262 ,5.2 ,7 ,3.8 ,4.6 ,4 ,3.6 ,7 ,4.4 ,5.25
09006848 ,3.6 ,4.5 ,5 ,2.8 ,4 ,4.4 ,4.5 ,4.2 ,3.8
11001677 ,3.4 ,5.5 ,4 ,2.2 ,4.8 ,7 ,4 ,5.25 ,2.8
12000912 ,4.2 ,6.25 ,4.6 ,4 ,3.6 ,4.5 ,4.4 ,3.8 ,5.25
12002518 ,4.8 ,7.5 ,2.8 ,4 ,4.4 ,4 ,4.2 ,2.8 ,4.8
12005234 ,4.8 ,6 ,2.2 ,4.8 ,7 ,4.4 ,5.25 ,5.25 ,4.6
12006199 ,5.8 ,6.25 ,4 ,3.6 ,4.5 ,4.2 ,3.8 ,4.8 ,4.4
12006381 ,4.8 ,6.25 ,4 ,4.4 ,4 ,5.25 ,2.8 ,4.6 ,2.6
12006445 ,4.8 ,6.5 ,4.8 ,7 ,4.4 ,3.8 ,5.25 ,4.4 ,3.75
12009935 ,5.6 ,6.75 ,3.6 ,4.5 ,4.2 ,2.8 ,4.8 ,2.6 ,3.4
12011519 ,5.6 ,6 ,4.4 ,4 ,5.25 ,5.25 ,4.6 ,3.75 ,5.6
14003092 ,4.2 ,3.75 ,7 ,4.4 ,3.8 ,4.8 ,4.4 ,3.4 ,5
19013127 ,5.2 ,5.75 ,4.5 ,4.2 ,2.8 ,4.6 ,2.6 ,5.6 ,3
23003538 ,3.4 ,5.5 ,4 ,5.25 ,5.25 ,4.4 ,3.75 ,5 ,6.75
26016736 ,4.2 ,7 ,4.4 ,3.8 ,4.8 ,2.6 ,3.4 ,3 ,3.4
01059478 ,5.6 ,6 ,4.2 ,2.8 ,4.6 ,3.75 ,5.6 ,6.75 ,4.75
08003162 ,5.8 ,3.75 ,5.25 ,5.25 ,4.4 ,3.4 ,5 ,3.4 ,5.5
12006207 ,5.2 ,6.75 ,3.8 ,4.8 ,2.6 ,5.6 ,3 ,4.75 ,3.6
12007505 ,4.2 ,8.25 ,2.8 ,4.6 ,3.75 ,5 ,6.75 ,5.5 ,3.6
12008029 ,5 ,4.5 ,5.25 ,4.4 ,3.4 ,3 ,3.4 ,3.6 ,3.6
12008070 ,4.8 ,5.25 ,4.8 ,2.6 ,5.6 ,6.75 ,4.75 ,3.6 ,5.6
12008429 ,4.8 ,6.25 ,4.6 ,3.75 ,5 ,3.4 ,5.5 ,3.6 ,3.25
12009003 ,6.6 ,4.75 ,4.4 ,3.4 ,3 ,4.75 ,3.6 ,5.6 ,4.2
12009437 ,4.6 ,5.5 ,2.6 ,5.6 ,6.75 ,5.5 ,3.6 ,3.25 ,4
12012391 ,4.4 ,6.5 ,3.75 ,5 ,3.4 ,3.6 ,3.6 ,4.2 ,4.6
13002441 ,4.4 ,7 ,3.4 ,3 ,4.75 ,3.6 ,5.6 ,4 ,3.2
17000955 ,4.2 ,6 ,5.6 ,6.75 ,5.5 ,3.6 ,3.25 ,4.6 ,3.75
19000519 ,6.6 ,4.25 ,5 ,3.4 ,3.6 ,5.6 ,4.2 ,3.2 ,3.8
19012159 ,6 ,6.25 ,3 ,4.75 ,3.6 ,3.25 ,4 ,3.75 ,3.4
27004125 ,4.8 ,4.25 ,6.75 ,5.5 ,3.6 ,4.2 ,4.6 ,3.8 ,3
06000303 ,4.6 ,4.5 ,3.4 ,3.6 ,5.6 ,4 ,3.2 ,3.4 ,3.8
06000390 ,3.8 ,4 ,4.75 ,3.6 ,3.25 ,4.6 ,3.75 ,3 ,4.5
12001422 ,5.4 ,4.5 ,5.5 ,3.6 ,4.2 ,3.2 ,3.8 ,3.8 ,4
12004411 ,4.8 ,6 ,3.6 ,5.6 ,4 ,3.75 ,3.4 ,4.5 ,5
12006004 ,3.4 ,5.5 ,3.6 ,3.25 ,4.6 ,3.8 ,3 ,4 ,4.2
12006028 ,4.8 ,7 ,3.6 ,4.2 ,3.2 ,3.4 ,3.8 ,5 ,4.5
12006509 ,2.6 ,7.25 ,5.6 ,4 ,3.75 ,3 ,4.5 ,4.2 ,4
12011352 ,5.6 ,6.75 ,3.25 ,4.6 ,3.8 ,3.8 ,4 ,4.5 ,3
12012392 ,4 ,6.25 ,4.2 ,3.2 ,3.4 ,4.5 ,5 ,4 ,3.8
18016247 ,5.4 ,6 ,4 ,3.75 ,3 ,4 ,4.2 ,3 ,3
21007609 ,3.8 ,6.5 ,4.6 ,3.8 ,3.8 ,5 ,4.5 ,3.8 ,2.75
01038645 ,4.4 ,6.75 ,3.2 ,3.4 ,4.5 ,4.2 ,4 ,3 ,5.25
01041895 ,5.6 ,6 ,3.75 ,3 ,4 ,4.5 ,3 ,2.75 ,3.4
01050010 ,5 ,6.5 ,3.8 ,3.8 ,5 ,4 ,3.8 ,5.25 ,3
10000762 ,3.8 ,7 ,3.4 ,4.5 ,4.2 ,3 ,3 ,3.4 ,5.2
12003772 ,3 ,6.25 ,3 ,4 ,4.5 ,3.8 ,2.75 ,3 ,2.6
12006333 ,5.2 ,6.25 ,3.8 ,5 ,4 ,3 ,5.25 ,5.2 ,3.4
12009291 ,5 ,4.75 ,4.5 ,4.2 ,3 ,2.75 ,3.4 ,2.6 ,2.6
12009610 ,2.8 ,5.5 ,4 ,4.5 ,3.8 ,5.25 ,3 ,3.4 ,4.4
12011448 ,5.2 ,5 ,5 ,4 ,3 ,3.4 ,5.2 ,2.6 ,4
19002835 ,4.6 ,6 ,4.2 ,3 ,2.75 ,3 ,2.6 ,4.4 ,3.2
21004941 ,5.2 ,5 ,4.5 ,3.8 ,5.25 ,5.2 ,3.4 ,4 ,3.4
27002542 ,5.8 ,5 ,4 ,3 ,3.4 ,2.6 ,2.6 ,3.2 ,5
01058783 ,6 ,6 ,3 ,2.75 ,3 ,3.4 ,4.4 ,3.4 ,4
05004438 ,3.4 ,4.75 ,3.8 ,5.25 ,5.2 ,2.6 ,4 ,5 ,5.25
05005419 ,3.4 ,5.5 ,3 ,3.4 ,2.6 ,4.4 ,3.2 ,4 ,4.6
06002254 ,3 ,6.25 ,2.75 ,3 ,3.4 ,4 ,3.4 ,5.25 ,4.5
08000399 ,4.8 ,2 ,5.25 ,5.2 ,2.6 ,3.2 ,5 ,4.6 ,6.25
10001030 ,3.2 ,7.5 ,3.4 ,2.6 ,4.4 ,3.4 ,4 ,4.5 ,6.25
12006261 ,5 ,6 ,3 ,3.4 ,4 ,5 ,5.25 ,6.25 ,7
12010203 ,5.2 ,4 ,5.2 ,2.6 ,3.2 ,4 ,4.6 ,6.25 ,6.5
12011204 ,4.6 ,6.75 ,2.6 ,4.4 ,3.4 ,5.25 ,4.5 ,7 ,7
12012258 ,3.4 ,5.25 ,3.4 ,4 ,5 ,4.6 ,6.25 ,6.5 ,6.25
12012482 ,5.2 ,6.25 ,2.6 ,3.2 ,4 ,4.5 ,6.25 ,7 ,3.6
18000973 ,3.2 ,6.5 ,4.4 ,3.4 ,5.25 ,6.25 ,7 ,6.25 ,5.8
18006658 ,4.2 ,5.75 ,4 ,5 ,4.6 ,6.25 ,6.5 ,3.6 ,3.2
18008476 ,5 ,5.75 ,3.2 ,4 ,4.5 ,7 ,7 ,5.8 ,5.75
18008957 ,4.2 ,6.5 ,3.4 ,5.25 ,6.25 ,6.5 ,6.25 ,3.2 ,7.8
18011363 ,4 ,5.5 ,5 ,4.6 ,6.25 ,7 ,3.6 ,5.75 ,6
25015341 ,5.6 ,5 ,4 ,4.5 ,7 ,6.25 ,5.8 ,7.8 ,3.4
26002195 ,5 ,4.75 ,5.25 ,6.25 ,6.5 ,3.6 ,3.2 ,6 ,6.2
29017935 ,5.2 ,4.75 ,4.6 ,6.25 ,7 ,5.8 ,5.75 ,3.4 ,5.8
30011458 ,5.6 ,4.5 ,4.5 ,7 ,6.25 ,3.2 ,7.8 ,6.2 ,5.5
12002764 ,6.8 ,6 ,6.25 ,6.5 ,3.6 ,5.75 ,6 ,5.8 ,4.8
17002496 ,7 ,5.75 ,6.25 ,7 ,5.8 ,7.8 ,3.4 ,5.5 ,5.5
11001753 ,6 ,7.75 ,7 ,6.25 ,3.2 ,6 ,6.2 ,4.8 ,5.6
12001227 ,8.8 ,6.25 ,6.5 ,3.6 ,5.75 ,3.4 ,5.8 ,5.5 ,2.8
12005181 ,7.2 ,6 ,7 ,5.8 ,7.8 ,6.2 ,5.5 ,5.6 ,7
12007724 ,6.2 ,5.75 ,6.25 ,3.2 ,6 ,5.8 ,4.8 ,2.8 ,4.2
12007963 ,7.2 ,7.25 ,3.6 ,5.75 ,3.4 ,5.5 ,5.5 ,7 ,5.75
12001845 ,5.4 ,7.75 ,5.8 ,7.8 ,6.2 ,4.8 ,5.6 ,4.2 ,3.2
12004321 ,6.6 ,7.25 ,3.2 ,6 ,5.8 ,5.5 ,2.8 ,5.75 ,4.2
12003617 ,5.2 ,5.75 ,5.75 ,3.4 ,5.5 ,5.6 ,7 ,3.2 ,6.75
12006860 ,4.8 ,7 ,7.8 ,6.2 ,4.8 ,2.8 ,4.2 ,4.2 ,5.75
12007396 ,9 ,4.5 ,6 ,5.8 ,5.5 ,7 ,5.75 ,6.75 ,5
23007163 ,5 ,8 ,3.4 ,5.5 ,5.6 ,4.2 ,3.2 ,5.75 ,4.25
01048731 ,5.2 ,7.75 ,6.2 ,4.8 ,2.8 ,5.75 ,4.2 ,5 ,4
12007326 ,7.8 ,5.5 ,5.8 ,5.5 ,7 ,3.2 ,6.75 ,4.25 ,2.8
12008773 ,7.6 ,5.75 ,5.5 ,5.6 ,4.2 ,4.2 ,5.75 ,4 ,2.2
12012175 ,4.4 ,8.5 ,4.8 ,2.8 ,5.75 ,6.75 ,5 ,2.8 ,4
12012677 ,5.6 ,4.75 ,5.5 ,7 ,3.2 ,5.75 ,4.25 ,2.2 ,5.25
12007388 ,6 ,7 ,5.6 ,4.2 ,4.2 ,5 ,4 ,4 ,4.6
08004377 ,5.8 ,6.75 ,2.8 ,5.75 ,6.75 ,4.25 ,2.8 ,5.25 ,6.2
12001532 ,7 ,4.25 ,7 ,3.2 ,5.75 ,4 ,2.2 ,4.6 ,4.8
12007515 ,6.6 ,7 ,4.2 ,4.2 ,5 ,2.8 ,4 ,6.2 ,5.4
12009062 ,7.2 ,5.25 ,5.75 ,6.75 ,4.25 ,2.2 ,5.25 ,4.8 ,3.4
12009216 ,5.6 ,6.5 ,3.2 ,5.75 ,4 ,4 ,4.6 ,5.4 ,4.4
12012217 ,5.2 ,5.75 ,4.2 ,5 ,2.8 ,5.25 ,6.2 ,3.4 ,3.6
26005163 ,6 ,5 ,6.75 ,4.25 ,2.2 ,4.6 ,4.8 ,4.4 ,6
10001589 ,4.2 ,5 ,5.75 ,4 ,4 ,6.2 ,5.4 ,3.6 ,4
12007365 ,6.8 ,6.25 ,5 ,2.8 ,5.25 ,4.8 ,3.4 ,6 ,4.25
01041565 ,6 ,4.5 ,4.25 ,2.2 ,4.6 ,5.4 ,4.4 ,4 ,4
10007142 ,5.6 ,5.25 ,4 ,4 ,6.2 ,3.4 ,3.6 ,4.25 ,4.25
10002421 ,5.2 ,6.5 ,2.8 ,5.25 ,4.8 ,4.4 ,6 ,4 ,5.6
10005852 ,4 ,8.25 ,2.2 ,4.6 ,5.4 ,3.6 ,4 ,4.25 ,5.5
12001392 ,6.2 ,7.25 ,4 ,6.2 ,3.4 ,6 ,4.25 ,5.6 ,4.4
12007026 ,6.4 ,5.75 ,5.25 ,4.8 ,4.4 ,4 ,4 ,5.5 ,3
12010739 ,5.4 ,6.5 ,4.6 ,5.4 ,3.6 ,4.25 ,4.25 ,4.4 ,3.6
12011061 ,5.4 ,5 ,6.2 ,3.4 ,6 ,4 ,5.6 ,3 ,3
12012616 ,4.6 ,5 ,4.8 ,4.4 ,4 ,4.25 ,5.5 ,3.6 ,3.4
12012899 ,4.6 ,6.5 ,5.4 ,3.6 ,4.25 ,5.6 ,4.4 ,3 ,2.8
18003325 ,7.2 ,6 ,3.4 ,6 ,4 ,5.5 ,3 ,3.4 ,5.2
12006292 ,5.8 ,7 ,4.4 ,4 ,4.25 ,4.4 ,3.6 ,2.8 ,4
12006478 ,6 ,7.5 ,3.6 ,4.25 ,5.6 ,3 ,3 ,5.2 ,4.4
12007007 ,5.2 ,4.75 ,6 ,4 ,5.5 ,3.6 ,3.4 ,4 ,4.8
11001694 ,4 ,5.75 ,4 ,4.25 ,4.4 ,3 ,2.8 ,4.4 ,3
07000393 ,5.2 ,4 ,4.25 ,5.6 ,3 ,3.4 ,5.2 ,4.8 ,4.2
12000228 ,4.4 ,7 ,4 ,5.5 ,3.6 ,2.8 ,4 ,3 ,4
12004916 ,6.6 ,5.75 ,4.25 ,4.4 ,3 ,5.2 ,4.4 ,4.2 ,3.6
12007056 ,4.4 ,5.5 ,5.6 ,3 ,3.4 ,4 ,4.8 ,4 ,6
12007209 ,5.6 ,5.5 ,5.5 ,3.6 ,2.8 ,4.4 ,3 ,3.6 ,2.8
21011070 ,5.4 ,6.25 ,4.4 ,3 ,5.2 ,4.8 ,4.2 ,6 ,4.4
06001075 ,4.8 ,5.5 ,3 ,3.4 ,4 ,3 ,4 ,2.8 ,3.8
12012591 ,3.4 ,6.25 ,3.6 ,2.8 ,4.4 ,4.2 ,3.6 ,4.4 ,2.6
12012837 ,5.2 ,5 ,3 ,5.2 ,4.8 ,4 ,6 ,3.8 ,3.4
12012907 ,3 ,6.75 ,3.4 ,4 ,3 ,3.6 ,2.8 ,2.6 ,4
29001610 ,5.8 ,7.25 ,2.8 ,4.4 ,4.2 ,6 ,4.4 ,3.4 ,3.6
01045244 ,4.4 ,6.5 ,5.2 ,4.8 ,4 ,2.8 ,3.8 ,4 ,1.8
01063560 ,4.4 ,7.5 ,4 ,3 ,3.6 ,4.4 ,2.6 ,3.6 ,3.8
12000880 ,3.6 ,7 ,4.4 ,4.2 ,6 ,3.8 ,3.4 ,1.8 ,3.6
12006176 ,4.6 ,6.5 ,4.8 ,4 ,2.8 ,2.6 ,4 ,3.8 ,5.75
12007089 ,5.6 ,7.5 ,3 ,3.6 ,4.4 ,3.4 ,3.6 ,3.6 ,2.8
12001504 ,4.4 ,7.25 ,4.2 ,6 ,3.8 ,4 ,1.8 ,5.75 ,3.6
12002424 ,4.4 ,4.25 ,4 ,2.8 ,2.6 ,3.6 ,3.8 ,2.8 ,3.75
12006470 ,6.8 ,5.25 ,3.6 ,4.4 ,3.4 ,1.8 ,3.6 ,3.6 ,4
12006915 ,5.6 ,4.25 ,6 ,3.8 ,4 ,3.8 ,5.75 ,3.75 ,4.25
12010733 ,3.2 ,6.75 ,2.8 ,2.6 ,3.6 ,3.6 ,2.8 ,4 ,4.5
18006396 ,4.2 ,6.25 ,4.4 ,3.4 ,1.8 ,5.75 ,3.6 ,4.25 ,8.8
28005540 ,3.6 ,5.25 ,3.8 ,4 ,3.8 ,2.8 ,3.75 ,4.5 ,3.6
62003596 ,4.2 ,6 ,2.6 ,3.6 ,3.6 ,3.6 ,4 ,8.8 ,5.5
12003954 ,2.8 ,6.25 ,3.4 ,1.8 ,5.75 ,3.75 ,4.25 ,3.6 ,3
12011728 ,5 ,6.5 ,4 ,3.8 ,2.8 ,4 ,4.5 ,5.5 ,4.25
17002867 ,5 ,6.5 ,3.6 ,3.6 ,3.6 ,4.25 ,8.8 ,3 ,4.5
